"PatchID","XCOORD","YCOORD","ID","MID","FID","sex","age","size","mature","newmature","layeggs","capture","recapture","state","CDist","Hindex","Species","ClassFile","SubPatchID","L0A0","L0A1","L1A0","L1A1","L2A0","L2A1","L3A0","L3A1"
1,56758.45394,381341.8208,"S1_F10_m1f1_P10_Y1_UO0","I1_F44_m-1f-1_P1_Y-1_U195","I1_F33_m-1f-1_P1_Y-1_U84","MXY",1,0,0,0,0,0,0,0,-9999,0.5,1,"P0_CV0",1,1,1,1,1,0,2,0,2
1,56758.45394,381341.8208,"S1_F33_m1f1_P33_Y1_UO13","I1_F10_m-1f-1_P1_Y-1_U152","I1_F10_m-1f-1_P1_Y-1_U187","MXY",1,0,0,0,0,0,0,0,-9999,0.25,1,"P0_CV0",1,0,2,1,1,0,2,0,2
1,56758.45394,381341.8208,"S1_F44_m1f1_P44_Y1_UO21","I1_F10_m-1f-1_P1_Y-1_U157","I1_F10_m-1f-1_P1_Y-1_U98","FXX",1,0,0,0,0,0,0,0,-9999,0,1,"P0_CV0",1,0,2,1,1,0,2,0,2
1,56758.45394,381341.8208,"I1_F33_m1f1_P10_Y0_UO32","R1_F1_m-1f-1_P1_Y-1_U77","R1_F1_m-1f-1_P1_Y-1_U73","FXX",2,0,1,0,1,0,0,0,-9999,0.5,1,"P0_CV0",1,0,2,2,0,0,2,0,2
1,56758.45394,381341.8208,"I1_F10_m-1f-1_P1_Y-1_U219","-9999","-9999","MXY",3,0,1,0,0,0,0,0,-9999,1,1,"P0_CV0",1,2,0,1,1,0,2,0,2
1,56758.45394,381341.8208,"I1_F10_m-1f-1_P1_Y-1_U58","-9999","-9999","FXX",5,0,1,0,1,0,0,0,-9999,0.5,1,"P0_CV0",1,1,1,1,1,0,2,0,2
1,56758.45394,381341.8208,"I1_F44_m-1f-1_P1_Y-1_U168","-9999","-9999","FXX",8,0,1,0,1,0,0,0,-9999,0.5,1,"P0_CV0",1,1,1,1,1,0,2,0,2
1,56758.45394,381341.8208,"ID1_F10_m-1f-1_P1_Y-1_U138","-9999","-9999","FXX",16,0,1,0,1,0,0,0,-9999,1,1,"P0_CV0",1,2,0,2,0,0,2,0,2
3,338102.6853,-1366704.895,"S3_F59_m16f16_P59_Y1_UO779","I16_F59_m-1f-1_P16_Y-1_U203","I16_F59_m-1f-1_P16_Y-1_U228","MXY",1,0,0,0,0,0,0,0,-9999,0,1,"P15_CV0",1,0,2,1,1,0,2,0,2
3,338102.6853,-1366704.895,"S3_F59_m79f79_P59_Y1_UO3367","ID79_F59_m-1f-1_P3_Y-1_U194","ID79_F64_m-1f-1_P79_Y-1_U202","MXY",1,0,0,0,0,0,0,0,-9999,0.5,1,"P2_CV0",1,1,1,0,2,0,2,0,2
3,338102.6853,-1366704.895,"S3_F64_m79f79_P64_Y1_UO3325","I79_F59_m-1f-1_P79_Y-1_U103","ID79_F59_m-1f-1_P3_Y-1_U154","MXY",1,0,0,0,0,0,0,0,-9999,0.75,1,"P2_CV0",1,2,0,1,1,0,2,0,2
3,338102.6853,-1366704.895,"ID3_F64_m16f16_P59_Y0_UO963","R16_F16_m-1f-1_P16_Y-1_U125","R16_F16_m-1f-1_P16_Y-1_U35","MXY",2,0,1,0,0,0,0,0,-9999,0.75,1,"P15_CV0",1,2,0,1,1,0,2,0,2
3,338102.6853,-1366704.895,"ID3_F64_m-1f-1_P3_Y-1_U232","-9999","-9999","MXY",3,0,1,0,0,0,0,0,-9999,1,1,"P2_CV0",1,2,0,1,1,0,2,0,2
3,338102.6853,-1366704.895,"I3_F59_m-1f-1_P3_Y-1_U80","-9999","-9999","FXX",5,0,1,0,1,0,0,0,-9999,0,1,"P2_CV0",1,0,2,1,1,0,2,0,2
3,338102.6853,-1366704.895,"I3_F59_m-1f-1_P3_Y-1_U112","-9999","-9999","FXX",8,0,1,0,1,0,0,0,-9999,0.5,1,"P2_CV0",1,1,1,0,2,0,2,0,2
3,338102.6853,-1366704.895,"I3_F59_m-1f-1_P3_Y-1_U183","-9999","-9999","MXY",16,0,1,0,0,0,0,0,-9999,1,1,"P2_CV0",1,2,0,0,2,0,2,0,2
4,-253798.3533,279406.7349,"S4_F10_m77f77_P10_Y1_UO3148","I77_F82_m-1f-1_P77_Y-1_U50","I77_F96_m-1f-1_P77_Y-1_U21","MXY",1,0,0,0,0,0,0,0,-9999,0.5,1,"P76_CV0",1,2,0,1,1,0,2,0,2
4,-253798.3533,279406.7349,"S4_F82_m4f4_P82_Y1_UO173","I4_F82_m-1f-1_P4_Y-1_U50","ID4_F67_m-1f-1_P4_Y-1_U52","MXY",1,0,0,0,0,0,0,0,-9999,0.5,1,"P3_CV0",1,2,0,1,1,0,2,0,2
4,-253798.3533,279406.7349,"S4_F82_m77f77_P82_Y1_UO3155","I77_F10_m-1f-1_P77_Y-1_U95","I77_F10_m-1f-1_P77_Y-1_U231","FXX",1,0,0,0,0,0,0,0,-9999,0.75,1,"P76_CV0",1,2,0,1,1,0,2,0,2
4,-253798.3533,279406.7349,"I4_F82_m1f1_P10_Y0_UO47","R1_F1_m-1f-1_P1_Y-1_U132","R1_F1_m-1f-1_P1_Y-1_U105","MXY",2,0,1,0,0,0,0,0,-9999,0.5,1,"P0_CV0",1,1,1,1,1,0,2,0,2
4,-253798.3533,279406.7349,"I4_F82_m-1f-1_P4_Y-1_U236","-9999","-9999","MXY",3,0,1,0,0,0,0,0,-9999,0,1,"P3_CV0",1,0,2,0,2,0,2,0,2
4,-253798.3533,279406.7349,"ID4_F67_m-1f-1_P4_Y-1_U28","-9999","-9999","MXY",5,0,1,0,0,0,0,0,-9999,1,1,"P3_CV0",1,2,0,0,2,0,2,0,2
4,-253798.3533,279406.7349,"I4_F82_m-1f-1_P4_Y-1_U155","-9999","-9999","FXX",8,0,1,0,1,0,0,0,-9999,0.5,1,"P3_CV0",1,1,1,1,1,0,2,0,2
4,-253798.3533,279406.7349,"I4_F82_m-1f-1_P4_Y-1_U126","-9999","-9999","FXX",16,0,1,0,1,0,0,0,-9999,0.5,1,"P3_CV0",1,1,1,2,0,0,2,0,2
5,-347344.1237,-1226931.373,"S5_F81_m5f5_P81_Y1_UO264","I5_F81_m-1f-1_P5_Y-1_U49","ID5_F81_m-1f-1_P58_Y-1_U199","FXX",1,0,0,0,0,0,0,0,-9999,0.5,1,"P57_CV0",1,1,1,1,1,0,2,0,2
5,-347344.1237,-1226931.373,"S5_F81_m58f58_P81_Y1_UO2585","I58_F99_m-1f-1_P58_Y-1_U11","I58_F99_m-1f-1_P58_Y-1_U156","FXX",1,0,0,0,0,0,0,0,-9999,0.5,1,"P57_CV0",1,1,1,1,1,0,2,0,2
5,-347344.1237,-1226931.373,"S5_F81_m80f80_P81_Y1_UO3409","I80_F81_m-1f-1_P80_Y-1_U191","ID80_F81_m-1f-1_P5_Y-1_U136","FXX",1,0,0,0,0,0,0,0,-9999,0.75,1,"P79_CV0",1,1,1,0,2,0,2,0,2
5,-347344.1237,-1226931.373,"ID5_F81_m95f95_P81_Y0_UO4850","R95_F95_m-1f-1_P95_Y-1_U176","R95_F95_m-1f-1_P95_Y-1_U39","FXX",2,0,1,0,1,0,0,0,-9999,0.5,1,"P94_CV0",1,1,1,1,1,0,2,0,2
5,-347344.1237,-1226931.373,"I5_F81_m94f94_P81_Y0_UO4690","R94_F94_m-1f-1_P94_Y-1_U17","R94_F94_m-1f-1_P94_Y-1_U165","MXY",2,0,1,0,0,0,0,0,-9999,0.5,1,"P93_CV0",1,1,1,0,2,0,2,0,2
5,-347344.1237,-1226931.373,"I5_F81_m-1f-1_P5_Y-1_U142","-9999","-9999","FXX",5,0,1,0,1,0,0,0,-9999,0.5,1,"P4_CV0",1,1,1,1,1,0,2,0,2
5,-347344.1237,-1226931.373,"ID5_F72_m-1f-1_P80_Y-1_U150","-9999","-9999","FXX",7,0,1,0,1,0,0,0,-9999,0.5,1,"P79_CV0",1,1,1,1,1,0,2,0,2
5,-347344.1237,-1226931.373,"I5_F81_m-1f-1_P5_Y-1_U121","-9999","-9999","MXY",16,0,1,0,0,0,0,0,-9999,0.5,1,"P4_CV0",1,1,1,1,1,0,2,0,2
7,-811616.8634,-376900.537,"S7_F13_m78f78_P13_Y1_UO3274","I78_F29_m-1f-1_P78_Y-1_U113","I78_F32_m-1f-1_P78_Y-1_U57","FXX",1,0,0,0,0,0,0,0,-9999,0.75,1,"P77_CV0",1,1,1,0,2,0,2,0,2
7,-811616.8634,-376900.537,"S7_F38_m7f7_P38_Y1_UO371","ID7_F38_m-1f-1_P37_Y-1_U170","I7_F29_m-1f-1_P7_Y-1_U9","MXY",1,0,0,0,0,0,0,0,-9999,0.25,1,"P36_CV0",1,1,1,1,1,0,2,0,2
7,-811616.8634,-376900.537,"S7_F74_m7f7_P74_Y1_UO327","ID7_F74_m-1f-1_P7_Y-1_U130","I7_F38_m-1f-1_P7_Y-1_U188","FXX",1,0,0,0,0,0,0,0,-9999,0,1,"P6_CV0",1,0,2,1,1,0,2,0,2
7,-811616.8634,-376900.537,"I7_F74_m78f78_P13_Y0_UO3721","R78_F78_m-1f-1_P78_Y-1_U133","R78_F78_m-1f-1_P78_Y-1_U85","MXY",2,0,1,0,0,0,0,0,-9999,0.5,1,"P77_CV0",1,1,1,0,2,0,2,0,2
7,-811616.8634,-376900.537,"I7_F38_m78f78_P38_Y0_UO3690","R78_F78_m-1f-1_P78_Y-1_U70","R78_F78_m-1f-1_P78_Y-1_U28","FXX",2,0,1,0,1,0,0,0,-9999,0.5,1,"P77_CV0",1,1,1,1,1,0,2,0,2
7,-811616.8634,-376900.537,"I7_F74_m-1f-1_P7_Y-1_U107","-9999","-9999","FXX",5,0,1,0,1,0,0,0,-9999,0,1,"P6_CV0",1,0,2,2,0,0,2,0,2
7,-811616.8634,-376900.537,"I7_F74_m-1f-1_P7_Y-1_U147","-9999","-9999","MXY",8,0,1,0,0,0,0,0,-9999,0.5,1,"P6_CV0",1,1,1,1,1,0,2,0,2
7,-811616.8634,-376900.537,"I7_F38_m-1f-1_P7_Y-1_U56","-9999","-9999","FXX",16,0,1,0,1,0,0,0,-9999,1,1,"P6_CV0",1,2,0,0,2,0,2,0,2
9,-13432.88572,466595.3015,"S9_F10_m1f1_P10_Y1_UO1","ID1_F10_m-1f-1_P1_Y-1_U125","ID1_F44_m-1f-1_P1_Y-1_U11","MXY",1,0,0,0,0,0,0,0,-9999,0.25,1,"P0_CV0",1,1,1,2,0,0,2,0,2
9,-13432.88572,466595.3015,"S9_F10_m9f9_P10_Y1_UO481","I9_F10_m-1f-1_P9_Y-1_U80","I9_F44_m-1f-1_P9_Y-1_U211","MXY",1,0,0,0,0,0,0,0,-9999,0.25,1,"P8_CV0",1,0,2,0,2,0,2,0,2
9,-13432.88572,466595.3015,"S9_F33_m9f9_P33_Y1_UO497","ID9_F44_m-1f-1_P1_Y-1_U27","I9_F44_m-1f-1_P9_Y-1_U120","MXY",1,0,0,0,0,0,0,0,-9999,0.5,1,"P8_CV0",1,1,1,1,1,0,2,0,2
9,-13432.88572,466595.3015,"I9_F33_m9f9_P33_Y0_UO543","R9_F9_m-1f-1_P9_Y-1_U142","R9_F9_m-1f-1_P9_Y-1_U11","MXY",2,0,1,0,0,0,0,0,-9999,0.25,1,"P8_CV0",1,0,2,1,1,0,2,0,2
9,-13432.88572,466595.3015,"I9_F33_m1f1_P33_Y0_UO11","R1_F1_m-1f-1_P1_Y-1_U23","R1_F1_m-1f-1_P1_Y-1_U180","FXX",2,0,1,0,1,0,0,0,-9999,0.75,1,"P0_CV0",1,1,1,1,1,0,2,0,2
9,-13432.88572,466595.3015,"I9_F33_m-1f-1_P1_Y-1_U249","-9999","-9999","FXX",5,0,1,0,1,0,0,0,-9999,0.5,1,"P0_CV0",1,1,1,1,1,0,2,0,2
9,-13432.88572,466595.3015,"I9_F33_m-1f-1_P9_Y-1_U90","-9999","-9999","FXX",7,0,1,0,1,0,0,0,-9999,0.5,1,"P8_CV0",1,1,1,1,1,0,2,0,2
9,-13432.88572,466595.3015,"I9_F10_m-1f-1_P9_Y-1_U26","-9999","-9999","MXY",16,0,1,0,0,0,0,0,-9999,0,1,"P8_CV0",1,0,2,1,1,0,2,0,2
11,167746.5251,-473515.3538,"S11_F2_m11f11_P2_Y1_UO594","I11_F48_m-1f-1_P11_Y-1_U11","I11_F2_m-1f-1_P11_Y-1_U187","FXX",1,0,0,0,0,0,0,0,-9999,1,1,"P10_CV0",1,2,0,1,1,0,2,0,2
11,167746.5251,-473515.3538,"I11_F48_m55f55_P89_Y0_UO2700","R55_F55_m-1f-1_P55_Y-1_U89","R55_F55_m-1f-1_P55_Y-1_U185","MXY",2,0,1,0,0,0,0,0,-9999,0.5,1,"P54_CV0",1,0,2,1,1,0,2,0,2
11,167746.5251,-473515.3538,"I11_F49_m-1f-1_P11_Y-1_U207","-9999","-9999","FXX",3,0,1,0,1,0,0,0,-9999,0,1,"P10_CV0",1,0,2,0,2,0,2,0,2
11,167746.5251,-473515.3538,"I11_F89_m-1f-1_P11_Y-1_U248","-9999","-9999","FXX",5,0,1,0,1,0,0,0,-9999,0.5,1,"P10_CV0",1,1,1,2,0,0,2,0,2
11,167746.5251,-473515.3538,"I11_F89_m-1f-1_P11_Y-1_U30","-9999","-9999","FXX",6,0,1,0,1,0,0,0,-9999,0.5,1,"P10_CV0",1,1,1,2,0,0,2,0,2
11,167746.5251,-473515.3538,"I11_F49_m-1f-1_P11_Y-1_U138","-9999","-9999","MXY",8,0,1,0,0,0,0,0,-9999,0,1,"P10_CV0",1,0,2,1,1,0,2,0,2
11,167746.5251,-473515.3538,"ID11_F2_m-1f-1_P11_Y-1_U83","-9999","-9999","FXX",9,0,1,0,1,0,0,0,-9999,0,1,"P10_CV0",1,0,2,2,0,0,2,0,2
11,167746.5251,-473515.3538,"I11_F49_m-1f-1_P11_Y-1_U139","-9999","-9999","MXY",16,0,1,0,0,0,0,0,-9999,1,1,"P10_CV0",1,2,0,2,0,0,2,0,2
12,-488911.7714,-442226.7834,"S12_F6_m40f40_P6_Y1_UO1696","I40_F6_m-1f-1_P40_Y-1_U146","ID40_F6_m-1f-1_P40_Y-1_U37","MXY",1,0,0,0,0,0,0,0,-9999,1,1,"P39_CV0",1,2,0,1,1,0,2,0,2
12,-488911.7714,-442226.7834,"S12_F52_m46f46_P52_Y1_UO2010","I46_F13_m-1f-1_P46_Y-1_U0","I46_F52_m-1f-1_P46_Y-1_U217","MXY",1,0,0,0,0,0,0,0,-9999,0.5,1,"P45_CV0",1,1,1,1,1,0,2,0,2
12,-488911.7714,-442226.7834,"S12_F86_m90f90_P86_Y1_UO4076","I90_F86_m-1f-1_P90_Y-1_U211","ID90_F6_m-1f-1_P45_Y-1_U100","MXY",1,0,0,0,0,0,0,0,-9999,0.5,1,"P44_CV0",1,2,0,1,1,0,2,0,2
12,-488911.7714,-442226.7834,"I12_F52_m46f46_P52_Y0_UO2362","R46_F46_m-1f-1_P46_Y-1_U246","R46_F46_m-1f-1_P46_Y-1_U22","FXX",2,0,1,0,1,0,0,0,-9999,0.75,1,"P45_CV0",1,1,1,1,1,0,2,0,2
12,-488911.7714,-442226.7834,"ID12_F52_m-1f-1_P46_Y-1_U166","-9999","-9999","MXY",4,0,1,0,0,0,0,0,-9999,0.5,1,"P45_CV0",1,1,1,1,1,0,2,0,2
12,-488911.7714,-442226.7834,"I12_F86_m-1f-1_P12_Y-1_U122","-9999","-9999","FXX",6,0,1,0,1,0,0,0,-9999,0,1,"P11_CV0",1,0,2,2,0,0,2,0,2
12,-488911.7714,-442226.7834,"I12_F6_m-1f-1_P12_Y-1_U188","-9999","-9999","MXY",9,0,1,0,0,0,0,0,-9999,0.5,1,"P11_CV0",1,1,1,1,1,0,2,0,2
12,-488911.7714,-442226.7834,"I12_F52_m-1f-1_P12_Y-1_U125","-9999","-9999","FXX",16,0,1,0,1,0,0,0,-9999,0,1,"P11_CV0",1,0,2,1,1,0,2,0,2
15,148036.8078,-185805.2191,"S15_F14_m15f15_P14_Y1_UO694","I15_F41_m-1f-1_P15_Y-1_U204","I15_F41_m-1f-1_P15_Y-1_U215","MXY",1,0,0,0,0,0,0,0,-9999,0.5,1,"P14_CV0",1,0,2,1,1,0,2,0,2
15,148036.8078,-185805.2191,"S15_F41_m55f55_P41_Y1_UO2396","ID55_F41_m-1f-1_P55_Y-1_U24","I55_F41_m-1f-1_P55_Y-1_U82","FXX",1,0,0,0,0,0,0,0,-9999,0.75,1,"P54_CV0",1,1,1,2,0,0,2,0,2
15,148036.8078,-185805.2191,"S15_F89_m55f55_P89_Y1_UO2384","I55_F89_m-1f-1_P55_Y-1_U121","ID55_F48_m-1f-1_P43_Y-1_U22","MXY",1,0,0,0,0,0,0,0,-9999,0,1,"P54_CV0",1,0,2,2,0,0,2,0,2
15,148036.8078,-185805.2191,"I15_F89_m15f15_P14_Y0_UO863","R15_F15_m-1f-1_P15_Y-1_U146","R15_F15_m-1f-1_P15_Y-1_U133","MXY",2,0,1,0,0,0,0,0,-9999,0.25,1,"P14_CV0",1,0,2,2,0,0,2,0,2
15,148036.8078,-185805.2191,"I15_F14_m-1f-1_P15_Y-1_U135","-9999","-9999","FXX",3,0,1,0,1,0,0,0,-9999,1,1,"P14_CV0",1,2,0,2,0,0,2,0,2
15,148036.8078,-185805.2191,"I15_F89_m-1f-1_P55_Y-1_U70","-9999","-9999","MXY",5,0,1,0,0,0,0,0,-9999,1,1,"P54_CV0",1,2,0,1,1,0,2,0,2
15,148036.8078,-185805.2191,"I15_F41_m-1f-1_P15_Y-1_U27","-9999","-9999","FXX",7,0,1,0,1,0,0,0,-9999,0.5,1,"P14_CV0",1,1,1,1,1,0,2,0,2
15,148036.8078,-185805.2191,"I15_F89_m-1f-1_P55_Y-1_U108","-9999","-9999","MXY",16,0,1,0,0,0,0,0,-9999,1,1,"P54_CV0",1,2,0,1,1,0,2,0,2
16,234030.1371,-1704046.376,"S16_F59_m16f16_P59_Y1_UO784","ID16_F59_m-1f-1_P16_Y-1_U20","I16_F59_m-1f-1_P16_Y-1_U175","MXY",1,0,0,0,0,0,0,0,-9999,0.5,1,"P15_CV0",1,2,0,1,1,0,2,0,2
16,234030.1371,-1704046.376,"S16_F59_m56f56_P59_Y1_UO2535","I56_F59_m-1f-1_P56_Y-1_U194","I56_F59_m-1f-1_P56_Y-1_U144","MXY",1,0,0,0,0,0,0,0,-9999,0.75,1,"P55_CV0",1,1,1,0,2,0,2,0,2
16,234030.1371,-1704046.376,"I16_F59_m-1f-1_P16_Y-1_U29","-9999","-9999","FXX",3,0,1,0,1,0,0,0,-9999,1,1,"P15_CV0",1,2,0,2,0,0,2,0,2
16,234030.1371,-1704046.376,"ID16_F59_m-1f-1_P16_Y-1_U41","-9999","-9999","FXX",4,0,1,0,1,0,0,0,-9999,0.5,1,"P15_CV0",1,1,1,2,0,0,2,0,2
16,234030.1371,-1704046.376,"I16_F59_m-1f-1_P16_Y-1_U227","-9999","-9999","FXX",6,0,1,0,1,0,0,0,-9999,0.5,1,"P15_CV0",1,1,1,0,2,0,2,0,2
16,234030.1371,-1704046.376,"I16_F59_m-1f-1_P16_Y-1_U168","-9999","-9999","MXY",7,0,1,0,0,0,0,0,-9999,0,1,"P15_CV0",1,0,2,1,1,0,2,0,2
16,234030.1371,-1704046.376,"I16_F59_m-1f-1_P16_Y-1_U125","-9999","-9999","FXX",9,0,1,0,1,0,0,0,-9999,0.5,1,"P15_CV0",1,1,1,1,1,0,2,0,2
16,234030.1371,-1704046.376,"I16_F59_m-1f-1_P16_Y-1_U140","-9999","-9999","MXY",16,0,1,0,0,0,0,0,-9999,1,1,"P15_CV0",1,2,0,0,2,0,2,0,2
17,40608.09729,-1397186.425,"S17_F59_m16f16_P59_Y1_UO856","I16_F59_m-1f-1_P16_Y-1_U71","I16_F59_m-1f-1_P16_Y-1_U156","FXX",1,0,0,0,0,0,0,0,-9999,0,1,"P15_CV0",1,0,2,1,1,0,2,0,2
17,40608.09729,-1397186.425,"S17_F64_m47f47_P64_Y1_UO2088","I47_F64_m-1f-1_P47_Y-1_U91","I47_F81_m-1f-1_P47_Y-1_U38","MXY",1,0,0,0,0,0,0,0,-9999,0.25,1,"P46_CV0",1,1,1,1,1,0,2,0,2
17,40608.09729,-1397186.425,"S17_F64_m95f95_P64_Y1_UO4336","I95_F91_m-1f-1_P95_Y-1_U184","I95_F64_m-1f-1_P95_Y-1_U102","FXX",1,0,0,0,0,0,0,0,-9999,0.5,1,"P94_CV0",1,1,1,0,2,0,2,0,2
17,40608.09729,-1397186.425,"I17_F59_m95f95_P64_Y0_UO4829","R95_F95_m-1f-1_P95_Y-1_U118","R95_F95_m-1f-1_P95_Y-1_U97","MXY",2,0,1,0,0,0,0,0,-9999,0.75,1,"P94_CV0",1,2,0,1,1,0,2,0,2
17,40608.09729,-1397186.425,"I17_F64_m-1f-1_P17_Y-1_U154","-9999","-9999","MXY",4,0,1,0,0,0,0,0,-9999,0.5,1,"P16_CV0",1,1,1,1,1,0,2,0,2
17,40608.09729,-1397186.425,"I17_F59_m-1f-1_P17_Y-1_U132","-9999","-9999","MXY",5,0,1,0,0,0,0,0,-9999,0.5,1,"P16_CV0",1,1,1,1,1,0,2,0,2
17,40608.09729,-1397186.425,"I17_F64_m-1f-1_P17_Y-1_U46","-9999","-9999","FXX",8,0,1,0,1,0,0,0,-9999,0.5,1,"P16_CV0",1,1,1,0,2,0,2,0,2
17,40608.09729,-1397186.425,"I17_F64_m-1f-1_P17_Y-1_U2","-9999","-9999","MXY",15,0,1,0,0,0,0,0,-9999,0.5,1,"P16_CV0",1,1,1,1,1,0,2,0,2
22,-1095910.274,-762664.4736,"S22_F71_m22f22_P71_Y1_UO962","I22_F71_m-1f-1_P22_Y-1_U206","ID22_F71_m-1f-1_P22_Y-1_U240","MXY",1,0,0,0,0,0,0,0,-9999,0.25,1,"P21_CV0",1,0,2,0,2,0,2,0,2
22,-1095910.274,-762664.4736,"S22_F71_m22f22_P71_Y1_UO1003","I22_F71_m-1f-1_P22_Y-1_U200","ID22_F71_m-1f-1_P22_Y-1_U208","MXY",1,0,0,0,0,0,0,0,-9999,0.5,1,"P21_CV0",1,1,1,1,1,0,2,0,2
22,-1095910.274,-762664.4736,"S22_F71_m22f22_P71_Y1_UO1045","I22_F71_m-1f-1_P22_Y-1_U105","ID22_F71_m-1f-1_P22_Y-1_U203","MXY",1,0,0,0,0,0,0,0,-9999,0.5,1,"P21_CV0",1,2,0,1,1,0,2,0,2
22,-1095910.274,-762664.4736,"I22_F71_m22f22_P71_Y0_UO1226","R22_F22_m-1f-1_P22_Y-1_U248","R22_F22_m-1f-1_P22_Y-1_U148","FXX",2,0,1,0,1,0,0,0,-9999,0.75,1,"P21_CV0",1,2,0,1,1,0,2,0,2
22,-1095910.274,-762664.4736,"ID22_F71_m-1f-1_P22_Y-1_U142","-9999","-9999","MXY",3,0,1,0,0,0,0,0,-9999,0.5,1,"P21_CV0",1,1,1,1,1,0,2,0,2
22,-1095910.274,-762664.4736,"I22_F71_m-1f-1_P22_Y-1_U139","-9999","-9999","MXY",6,0,1,0,0,0,0,0,-9999,0.5,1,"P21_CV0",1,1,1,2,0,0,2,0,2
22,-1095910.274,-762664.4736,"I22_F71_m-1f-1_P22_Y-1_U248","-9999","-9999","FXX",8,0,1,0,1,0,0,0,-9999,0.5,1,"P21_CV0",1,1,1,2,0,0,2,0,2
22,-1095910.274,-762664.4736,"I22_F71_m-1f-1_P22_Y-1_U76","-9999","-9999","FXX",16,0,1,0,1,0,0,0,-9999,1,1,"P21_CV0",1,2,0,2,0,0,2,0,2
23,-579289.0056,-669052.3534,"S23_F35_m23f23_P35_Y1_UO1081","I23_F57_m-1f-1_P23_Y-1_U207","I23_F86_m-1f-1_P23_Y-1_U6","FXX",1,0,0,0,0,0,0,0,-9999,0.25,1,"P22_CV0",1,0,2,1,1,0,2,0,2
23,-579289.0056,-669052.3534,"S23_F35_m23f23_P35_Y1_UO1103","I23_F27_m-1f-1_P23_Y-1_U57","I23_F57_m-1f-1_P23_Y-1_U249","FXX",1,0,0,0,0,0,0,0,-9999,0.5,1,"P22_CV0",1,1,1,1,1,0,2,0,2
23,-579289.0056,-669052.3534,"S23_F86_m23f23_P86_Y1_UO1108","I23_F52_m-1f-1_P23_Y-1_U54","I23_F6_m-1f-1_P23_Y-1_U31","MXY",1,0,0,0,0,0,0,0,-9999,1,1,"P22_CV0",1,2,0,2,0,0,2,0,2
23,-579289.0056,-669052.3534,"ID23_F38_m30f30_P38_Y0_UO1420","R30_F30_m-1f-1_P30_Y-1_U7","R30_F30_m-1f-1_P30_Y-1_U172","FXX",2,0,1,0,1,0,0,0,-9999,0.25,1,"P29_CV0",1,0,2,1,1,0,2,0,2
23,-579289.0056,-669052.3534,"I23_F35_m45f45_P57_Y0_UO2209","R45_F45_m-1f-1_P45_Y-1_U79","R45_F45_m-1f-1_P45_Y-1_U55","FXX",2,0,1,0,1,0,0,0,-9999,0.25,1,"P44_CV0",1,0,2,2,0,0,2,0,2
23,-579289.0056,-669052.3534,"I23_F35_m-1f-1_P23_Y-1_U188","-9999","-9999","MXY",4,0,1,0,0,0,0,0,-9999,1,1,"P22_CV0",1,2,0,1,1,0,2,0,2
23,-579289.0056,-669052.3534,"I23_F86_m-1f-1_P23_Y-1_U42","-9999","-9999","MXY",7,0,1,0,0,0,0,0,-9999,0.5,1,"P22_CV0",1,1,1,0,2,0,2,0,2
23,-579289.0056,-669052.3534,"I23_F86_m-1f-1_P23_Y-1_U40","-9999","-9999","MXY",16,0,1,0,0,0,0,0,-9999,0.5,1,"P22_CV0",1,1,1,1,1,0,2,0,2
25,-100782.9361,-595804.2941,"S25_F2_m11f11_P2_Y1_UO571","I11_F49_m-1f-1_P11_Y-1_U213","ID11_F49_m-1f-1_P11_Y-1_U182","FXX",1,0,0,0,0,0,0,0,-9999,0.25,1,"P10_CV0",1,0,2,0,2,0,2,0,2
25,-100782.9361,-595804.2941,"S25_F36_m84f84_P36_Y1_UO3711","ID84_F8_m-1f-1_P31_Y-1_U57","I84_F8_m-1f-1_P84_Y-1_U69","FXX",1,0,0,0,0,0,0,0,-9999,0.5,1,"P30_CV0",1,1,1,1,1,0,2,0,2
25,-100782.9361,-595804.2941,"S25_F68_m63f63_P68_Y1_UO2834","ID63_F68_m-1f-1_P100_Y-1_U12","I63_F8_m-1f-1_P63_Y-1_U231","FXX",1,0,0,0,0,0,0,0,-9999,0.25,1,"P99_CV0",1,1,1,1,1,0,2,0,2
25,-100782.9361,-595804.2941,"I25_F36_m25f25_P69_Y0_UO1365","R25_F25_m-1f-1_P25_Y-1_U108","R25_F25_m-1f-1_P25_Y-1_U143","FXX",2,0,1,0,1,0,0,0,-9999,0,1,"P24_CV0",1,0,2,2,0,0,2,0,2
25,-100782.9361,-595804.2941,"I25_F68_m-1f-1_P25_Y-1_U148","-9999","-9999","MXY",3,0,1,0,0,0,0,0,-9999,0.5,1,"P24_CV0",1,1,1,2,0,0,2,0,2
25,-100782.9361,-595804.2941,"I25_F69_m-1f-1_P25_Y-1_U42","-9999","-9999","MXY",5,0,1,0,0,0,0,0,-9999,1,1,"P24_CV0",1,2,0,1,1,0,2,0,2
25,-100782.9361,-595804.2941,"I25_F69_m-1f-1_P100_Y-1_U115","-9999","-9999","FXX",8,0,1,0,1,0,0,0,-9999,1,1,"P99_CV0",1,2,0,2,0,0,2,0,2
25,-100782.9361,-595804.2941,"I25_F68_m-1f-1_P25_Y-1_U194","-9999","-9999","FXX",16,0,1,0,1,0,0,0,-9999,0.5,1,"P24_CV0",1,1,1,1,1,0,2,0,2
30,-675899.8122,-361060.5334,"S30_F13_m7f7_P13_Y1_UO368","ID7_F38_m-1f-1_P30_Y-1_U21","I7_F74_m-1f-1_P7_Y-1_U29","FXX",1,0,0,0,0,0,0,0,-9999,0.5,1,"P29_CV0",1,1,1,1,1,0,2,0,2
30,-675899.8122,-361060.5334,"S30_F38_m37f37_P38_Y1_UO1576","I37_F74_m-1f-1_P37_Y-1_U239","I37_F35_m-1f-1_P37_Y-1_U95","FXX",1,0,0,0,0,0,0,0,-9999,0.25,1,"P36_CV0",1,1,1,1,1,0,2,0,2
30,-675899.8122,-361060.5334,"S30_F93_m78f78_P93_Y1_UO3268","I78_F29_m-1f-1_P78_Y-1_U95","ID78_F13_m-1f-1_P78_Y-1_U9","MXY",1,0,0,0,0,0,0,0,-9999,0.5,1,"P77_CV0",1,1,1,1,1,0,2,0,2
30,-675899.8122,-361060.5334,"I30_F13_m46f46_P13_Y0_UO2309","R46_F46_m-1f-1_P46_Y-1_U89","R46_F46_m-1f-1_P46_Y-1_U216","FXX",2,0,1,0,1,0,0,0,-9999,0.25,1,"P45_CV0",1,1,1,1,1,0,2,0,2
30,-675899.8122,-361060.5334,"ID30_F29_m-1f-1_P7_Y-1_U124","-9999","-9999","FXX",3,0,1,0,1,0,0,0,-9999,0,1,"P6_CV0",1,0,2,0,2,0,2,0,2
30,-675899.8122,-361060.5334,"I30_F93_m-1f-1_P30_Y-1_U118","-9999","-9999","FXX",5,0,1,0,1,0,0,0,-9999,1,1,"P29_CV0",1,2,0,2,0,0,2,0,2
30,-675899.8122,-361060.5334,"I30_F35_m-1f-1_P30_Y-1_U200","-9999","-9999","MXY",8,0,1,0,0,0,0,0,-9999,0.5,1,"P29_CV0",1,1,1,0,2,0,2,0,2
30,-675899.8122,-361060.5334,"I30_F13_m-1f-1_P7_Y-1_U61","-9999","-9999","FXX",16,0,1,0,1,0,0,0,-9999,1,1,"P6_CV0",1,2,0,1,1,0,2,0,2
31,-195957.2118,-555162.8139,"S31_F6_m40f40_P6_Y1_UO1713","I40_F57_m-1f-1_P40_Y-1_U191","I40_F98_m-1f-1_P40_Y-1_U35","FXX",1,0,0,0,0,0,0,0,-9999,1,1,"P39_CV0",1,2,0,1,1,0,2,0,2
31,-195957.2118,-555162.8139,"S31_F8_m84f84_P8_Y1_UO3636","I84_F68_m-1f-1_P84_Y-1_U74","I84_F68_m-1f-1_P84_Y-1_U229","MXY",1,0,0,0,0,0,0,0,-9999,0.5,1,"P83_CV0",1,2,0,0,2,0,2,0,2
31,-195957.2118,-555162.8139,"S31_F69_m85f85_P69_Y1_UO3750","I85_F36_m-1f-1_P85_Y-1_U6","I85_F98_m-1f-1_P85_Y-1_U114","MXY",1,0,0,0,0,0,0,0,-9999,1,1,"P84_CV0",1,2,0,1,1,0,2,0,2
31,-195957.2118,-555162.8139,"ID31_F69_m25f25_P68_Y0_UO1345","R25_F25_m-1f-1_P25_Y-1_U62","R25_F25_m-1f-1_P25_Y-1_U118","FXX",2,0,1,0,1,0,0,0,-9999,0.25,1,"P24_CV0",1,0,2,1,1,0,2,0,2
31,-195957.2118,-555162.8139,"I31_F8_m-1f-1_P31_Y-1_U137","-9999","-9999","FXX",3,0,1,0,1,0,0,0,-9999,0.5,1,"P30_CV0",1,1,1,1,1,0,2,0,2
31,-195957.2118,-555162.8139,"I31_F68_m-1f-1_P31_Y-1_U9","-9999","-9999","MXY",5,0,1,0,0,0,0,0,-9999,0.5,1,"P30_CV0",1,1,1,0,2,0,2,0,2
31,-195957.2118,-555162.8139,"I31_F8_m-1f-1_P31_Y-1_U210","-9999","-9999","MXY",9,0,1,0,0,0,0,0,-9999,0.5,1,"P30_CV0",1,1,1,1,1,0,2,0,2
31,-195957.2118,-555162.8139,"I31_F68_m-1f-1_P31_Y-1_U27","-9999","-9999","MXY",15,0,1,0,0,0,0,0,-9999,0,1,"P30_CV0",1,0,2,1,1,0,2,0,2
34,-996290.3848,81471.32405,"S34_F61_m34f34_P61_Y1_UO1443","ID34_F61_m-1f-1_P34_Y-1_U178","I34_F32_m-1f-1_P34_Y-1_U105","FXX",1,0,0,0,0,0,0,0,-9999,0.75,1,"P33_CV0",1,1,1,0,2,0,2,0,2
34,-996290.3848,81471.32405,"S34_F61_m34f34_P61_Y1_UO1424","ID34_F61_m-1f-1_P34_Y-1_U42","I34_F32_m-1f-1_P34_Y-1_U113","MXY",1,0,0,0,0,0,0,0,-9999,0.5,1,"P33_CV0",1,1,1,1,1,0,2,0,2
34,-996290.3848,81471.32405,"S34_F54_m34f34_P54_Y1_UO1434","ID34_F66_m-1f-1_P34_Y-1_U58","I34_F54_m-1f-1_P34_Y-1_U192","MXY",1,0,0,0,0,0,0,0,-9999,0.75,1,"P33_CV0",1,1,1,0,2,0,2,0,2
34,-996290.3848,81471.32405,"I34_F32_m34f34_P54_Y0_UO1700","R34_F34_m-1f-1_P34_Y-1_U245","R34_F34_m-1f-1_P34_Y-1_U25","MXY",2,0,1,0,0,0,0,0,-9999,0.75,1,"P33_CV0",1,2,0,2,0,0,2,0,2
34,-996290.3848,81471.32405,"I34_F32_m78f78_P54_Y0_UO3736","R78_F78_m-1f-1_P78_Y-1_U172","R78_F78_m-1f-1_P78_Y-1_U43","FXX",2,0,1,0,1,0,0,0,-9999,0.5,1,"P77_CV0",1,1,1,2,0,0,2,0,2
34,-996290.3848,81471.32405,"ID34_F61_m-1f-1_P34_Y-1_U104","-9999","-9999","MXY",4,0,1,0,0,0,0,0,-9999,1,1,"P33_CV0",1,2,0,0,2,0,2,0,2
34,-996290.3848,81471.32405,"I34_F54_m-1f-1_P34_Y-1_U70","-9999","-9999","FXX",8,0,1,0,1,0,0,0,-9999,0.5,1,"P33_CV0",1,1,1,1,1,0,2,0,2
34,-996290.3848,81471.32405,"I34_F54_m-1f-1_P34_Y-1_U135","-9999","-9999","MXY",16,0,1,0,0,0,0,0,-9999,0.5,1,"P33_CV0",1,1,1,1,1,0,2,0,2
37,-768862.9582,-336841.2039,"S37_F13_m30f30_P13_Y1_UO1239","I30_F52_m-1f-1_P30_Y-1_U193","ID30_F38_m-1f-1_P30_Y-1_U217","FXX",1,0,0,0,0,0,0,0,-9999,0.75,1,"P29_CV0",1,2,0,1,1,0,2,0,2
37,-768862.9582,-336841.2039,"S37_F38_m30f30_P38_Y1_UO1266","I30_F13_m-1f-1_P30_Y-1_U135","I30_F52_m-1f-1_P30_Y-1_U26","FXX",1,0,0,0,0,0,0,0,-9999,0.5,1,"P29_CV0",1,1,1,1,1,0,2,0,2
37,-768862.9582,-336841.2039,"S37_F74_m30f30_P74_Y1_UO1258","I30_F74_m-1f-1_P30_Y-1_U141","I30_F52_m-1f-1_P30_Y-1_U54","MXY",1,0,0,0,0,0,0,0,-9999,0.25,1,"P29_CV0",1,0,2,2,0,0,2,0,2
37,-768862.9582,-336841.2039,"I37_F74_m30f30_P74_Y0_UO1460","R30_F30_m-1f-1_P30_Y-1_U92","R30_F30_m-1f-1_P30_Y-1_U29","MXY",2,0,1,0,0,0,0,0,-9999,0.5,1,"P29_CV0",1,1,1,2,0,0,2,0,2
37,-768862.9582,-336841.2039,"I37_F29_m7f7_P29_Y0_UO450","R7_F7_m-1f-1_P7_Y-1_U153","R7_F7_m-1f-1_P7_Y-1_U65","MXY",2,0,1,0,0,0,0,0,-9999,0.5,1,"P6_CV0",1,1,1,1,1,0,2,0,2
37,-768862.9582,-336841.2039,"ID37_F74_m-1f-1_P37_Y-1_U86","-9999","-9999","FXX",5,0,1,0,1,0,0,0,-9999,0.5,1,"P36_CV0",1,1,1,1,1,0,2,0,2
37,-768862.9582,-336841.2039,"I37_F74_m-1f-1_P37_Y-1_U220","-9999","-9999","FXX",8,0,1,0,1,0,0,0,-9999,0,1,"P36_CV0",1,0,2,2,0,0,2,0,2
37,-768862.9582,-336841.2039,"ID37_F38_m-1f-1_P7_Y-1_U224","-9999","-9999","FXX",16,0,1,0,1,0,0,0,-9999,1,1,"P6_CV0",1,2,0,2,0,0,2,0,2
39,-356074.6805,-188157.7303,"S39_F13_m78f78_P13_Y1_UO3254","I78_F38_m-1f-1_P78_Y-1_U16","I78_F13_m-1f-1_P78_Y-1_U193","FXX",1,0,0,0,0,0,0,0,-9999,0.75,1,"P77_CV0",1,1,1,1,1,0,2,0,2
39,-356074.6805,-188157.7303,"S39_F51_m39f39_P51_Y1_UO1648","ID39_F19_m-1f-1_P39_Y-1_U161","I39_F75_m-1f-1_P39_Y-1_U142","MXY",1,0,0,0,0,0,0,0,-9999,0.75,1,"P38_CV0",1,1,1,0,2,0,2,0,2
39,-356074.6805,-188157.7303,"S39_F75_m60f60_P75_Y1_UO2696","I60_F75_m-1f-1_P60_Y-1_U225","I60_F75_m-1f-1_P60_Y-1_U88","FXX",1,0,0,0,0,0,0,0,-9999,0.75,1,"P59_CV0",1,1,1,1,1,0,2,0,2
39,-356074.6805,-188157.7303,"I39_F19_m100f100_P48_Y0_UO4955","R100_F100_m-1f-1_P100_Y-1_U185","R100_F100_m-1f-1_P100_Y-1_U64","FXX",2,0,1,0,1,0,0,0,-9999,0.5,1,"P99_CV0",1,2,0,1,1,0,2,0,2
39,-356074.6805,-188157.7303,"I39_F51_m-1f-1_P39_Y-1_U209","-9999","-9999","FXX",3,0,1,0,1,0,0,0,-9999,0.5,1,"P38_CV0",1,1,1,1,1,0,2,0,2
39,-356074.6805,-188157.7303,"I39_F19_m-1f-1_P39_Y-1_U127","-9999","-9999","MXY",5,0,1,0,0,0,0,0,-9999,0,1,"P38_CV0",1,0,2,0,2,0,2,0,2
39,-356074.6805,-188157.7303,"I39_F75_m-1f-1_P39_Y-1_U79","-9999","-9999","FXX",8,0,1,0,1,0,0,0,-9999,0.5,1,"P38_CV0",1,1,1,1,1,0,2,0,2
39,-356074.6805,-188157.7303,"I39_F93_m-1f-1_P39_Y-1_U148","-9999","-9999","MXY",16,0,1,0,0,0,0,0,-9999,0,1,"P38_CV0",1,0,2,1,1,0,2,0,2
40,-362899.2605,-798910.5605,"S40_F6_m12f12_P6_Y1_UO654","I12_F52_m-1f-1_P12_Y-1_U206","I12_F86_m-1f-1_P12_Y-1_U68","FXX",1,0,0,0,0,0,0,0,-9999,0.75,1,"P11_CV0",1,1,1,1,1,0,2,0,2
40,-362899.2605,-798910.5605,"S40_F57_m40f40_P57_Y1_UO1719","ID40_F57_m-1f-1_P40_Y-1_U199","I40_F27_m-1f-1_P40_Y-1_U135","MXY",1,0,0,0,0,0,0,0,-9999,0.25,1,"P39_CV0",1,0,2,1,1,0,2,0,2
40,-362899.2605,-798910.5605,"I40_F99_m30f30_P86_Y0_UO1434","R30_F30_m-1f-1_P30_Y-1_U33","R30_F30_m-1f-1_P30_Y-1_U130","FXX",2,0,1,0,1,0,0,0,-9999,0.25,1,"P29_CV0",1,0,2,0,2,0,2,0,2
40,-362899.2605,-798910.5605,"ID40_F86_m50f50_P6_Y0_UO2499","R50_F50_m-1f-1_P50_Y-1_U105","R50_F50_m-1f-1_P50_Y-1_U243","MXY",2,0,1,0,0,0,0,0,-9999,0.5,1,"P49_CV0",1,0,2,2,0,0,2,0,2
40,-362899.2605,-798910.5605,"I40_F8_m-1f-1_P40_Y-1_U66","-9999","-9999","FXX",4,0,1,0,1,0,0,0,-9999,0,1,"P39_CV0",1,0,2,1,1,0,2,0,2
40,-362899.2605,-798910.5605,"I40_F6_m-1f-1_P92_Y-1_U100","-9999","-9999","MXY",6,0,1,0,0,0,0,0,-9999,0.5,1,"P91_CV0",1,1,1,0,2,0,2,0,2
40,-362899.2605,-798910.5605,"I40_F57_m-1f-1_P40_Y-1_U132","-9999","-9999","MXY",8,0,1,0,0,0,0,0,-9999,0,1,"P39_CV0",1,0,2,1,1,0,2,0,2
40,-362899.2605,-798910.5605,"I40_F57_m-1f-1_P45_Y-1_U178","-9999","-9999","FXX",16,0,1,0,1,0,0,0,-9999,1,1,"P44_CV0",1,2,0,1,1,0,2,0,2
42,-441601.8143,-945357.8334,"S42_F6_m23f23_P6_Y1_UO1069","ID23_F6_m-1f-1_P23_Y-1_U157","I23_F86_m-1f-1_P23_Y-1_U245","FXX",1,0,0,0,0,0,0,0,-9999,0.75,1,"P22_CV0",1,1,1,0,2,0,2,0,2
42,-441601.8143,-945357.8334,"S42_F99_m50f50_P99_Y1_UO2164","ID50_F99_m-1f-1_P42_Y-1_U15","I50_F99_m-1f-1_P50_Y-1_U209","FXX",1,0,0,0,0,0,0,0,-9999,0.75,1,"P41_CV0",1,1,1,2,0,0,2,0,2
42,-441601.8143,-945357.8334,"I42_F99_m23f23_P27_Y0_UO1282","R23_F23_m-1f-1_P23_Y-1_U170","R23_F23_m-1f-1_P23_Y-1_U188","MXY",2,0,1,0,0,0,0,0,-9999,0.75,1,"P22_CV0",1,1,1,0,2,0,2,0,2
42,-441601.8143,-945357.8334,"I42_F57_m42f42_P99_Y0_UO2018","R42_F42_m-1f-1_P42_Y-1_U65","R42_F42_m-1f-1_P42_Y-1_U232","MXY",2,0,1,0,0,0,0,0,-9999,0.5,1,"P41_CV0",1,1,1,2,0,0,2,0,2
42,-441601.8143,-945357.8334,"I42_F99_m-1f-1_P42_Y-1_U46","-9999","-9999","MXY",4,0,1,0,0,0,0,0,-9999,0,1,"P41_CV0",1,0,2,1,1,0,2,0,2
42,-441601.8143,-945357.8334,"ID42_F99_m-1f-1_P58_Y-1_U138","-9999","-9999","MXY",7,0,1,0,0,0,0,0,-9999,0.5,1,"P57_CV0",1,1,1,1,1,0,2,0,2
42,-441601.8143,-945357.8334,"ID42_F98_m-1f-1_P94_Y-1_U222","-9999","-9999","MXY",9,0,1,0,0,0,0,0,-9999,0,1,"P93_CV0",1,0,2,1,1,0,2,0,2
42,-441601.8143,-945357.8334,"ID42_F6_m-1f-1_P42_Y-1_U202","-9999","-9999","MXY",15,0,1,0,0,0,0,0,-9999,1,1,"P41_CV0",1,2,0,1,1,0,2,0,2
43,-19328.93975,-283812.7952,"S43_F14_m15f15_P14_Y1_UO713","I15_F89_m-1f-1_P15_Y-1_U185","I15_F14_m-1f-1_P15_Y-1_U166","FXX",1,0,0,0,0,0,0,0,-9999,0.5,1,"P14_CV0",1,1,1,1,1,0,2,0,2
43,-19328.93975,-283812.7952,"S43_F48_m100f100_P48_Y1_UO4374","I100_F48_m-1f-1_P100_Y-1_U147","I100_F48_m-1f-1_P100_Y-1_U210","MXY",1,0,0,0,0,0,0,0,-9999,0.75,1,"P99_CV0",1,2,0,1,1,0,2,0,2
43,-19328.93975,-283812.7952,"S43_F49_m100f100_P49_Y1_UO4361","I100_F68_m-1f-1_P100_Y-1_U218","ID100_F48_m-1f-1_P100_Y-1_U117","FXX",1,0,0,0,0,0,0,0,-9999,0,1,"P99_CV0",1,0,2,1,1,0,2,0,2
43,-19328.93975,-283812.7952,"I43_F48_m60f60_P48_Y0_UO2997","R60_F60_m-1f-1_P60_Y-1_U38","R60_F60_m-1f-1_P60_Y-1_U41","FXX",2,0,1,0,1,0,0,0,-9999,0.5,1,"P59_CV0",1,0,2,1,1,0,2,0,2
43,-19328.93975,-283812.7952,"I43_F48_m-1f-1_P43_Y-1_U183","-9999","-9999","FXX",3,0,1,0,1,0,0,0,-9999,1,1,"P42_CV0",1,2,0,1,1,0,2,0,2
43,-19328.93975,-283812.7952,"I43_F49_m-1f-1_P43_Y-1_U199","-9999","-9999","MXY",5,0,1,0,0,0,0,0,-9999,1,1,"P42_CV0",1,2,0,0,2,0,2,0,2
43,-19328.93975,-283812.7952,"I43_F48_m-1f-1_P43_Y-1_U219","-9999","-9999","FXX",8,0,1,0,1,0,0,0,-9999,0.5,1,"P42_CV0",1,1,1,1,1,0,2,0,2
43,-19328.93975,-283812.7952,"I43_F48_m-1f-1_P43_Y-1_U57","-9999","-9999","MXY",15,0,1,0,0,0,0,0,-9999,0.5,1,"P42_CV0",1,1,1,1,1,0,2,0,2
45,-377658.2027,-630442.8287,"S45_F6_m23f23_P6_Y1_UO1080","I23_F27_m-1f-1_P23_Y-1_U226","I23_F27_m-1f-1_P23_Y-1_U21","MXY",1,0,0,0,0,0,0,0,-9999,0.5,1,"P22_CV0",1,1,1,1,1,0,2,0,2
45,-377658.2027,-630442.8287,"S45_F57_m90f90_P57_Y1_UO4037","I90_F86_m-1f-1_P90_Y-1_U55","I90_F86_m-1f-1_P90_Y-1_U65","FXX",1,0,0,0,0,0,0,0,-9999,0.5,1,"P89_CV0",1,0,2,0,2,0,2,0,2
45,-377658.2027,-630442.8287,"I45_F86_m23f23_P6_Y0_UO1302","R23_F23_m-1f-1_P23_Y-1_U211","R23_F23_m-1f-1_P23_Y-1_U85","MXY",2,0,1,0,0,0,0,0,-9999,0.5,1,"P22_CV0",1,0,2,1,1,0,2,0,2
45,-377658.2027,-630442.8287,"I45_F8_m-1f-1_P45_Y-1_U31","-9999","-9999","FXX",3,0,1,0,1,0,0,0,-9999,0.5,1,"P44_CV0",1,1,1,0,2,0,2,0,2
45,-377658.2027,-630442.8287,"I45_F86_m-1f-1_P45_Y-1_U148","-9999","-9999","FXX",4,0,1,0,1,0,0,0,-9999,0.5,1,"P44_CV0",1,1,1,1,1,0,2,0,2
45,-377658.2027,-630442.8287,"I45_F57_m-1f-1_P45_Y-1_U151","-9999","-9999","MXY",6,0,1,0,0,0,0,0,-9999,0.5,1,"P44_CV0",1,1,1,1,1,0,2,0,2
45,-377658.2027,-630442.8287,"I45_F57_m-1f-1_P45_Y-1_U84","-9999","-9999","FXX",9,0,1,0,1,0,0,0,-9999,0.5,1,"P44_CV0",1,1,1,0,2,0,2,0,2
45,-377658.2027,-630442.8287,"I45_F86_m-1f-1_P45_Y-1_U2","-9999","-9999","MXY",16,0,1,0,0,0,0,0,-9999,0.5,1,"P44_CV0",1,1,1,1,1,0,2,0,2
46,-512503.9779,-377177.2097,"S46_F13_m30f30_P13_Y1_UO1283","I30_F74_m-1f-1_P30_Y-1_U30","I30_F52_m-1f-1_P30_Y-1_U54","FXX",1,0,0,0,0,0,0,0,-9999,0.25,1,"P29_CV0",1,1,1,1,1,0,2,0,2
46,-512503.9779,-377177.2097,"S46_F52_m37f37_P52_Y1_UO1524","I37_F38_m-1f-1_P37_Y-1_U166","ID37_F38_m-1f-1_P30_Y-1_U175","MXY",1,0,0,0,0,0,0,0,-9999,0.5,1,"P36_CV0",1,0,2,1,1,0,2,0,2
46,-512503.9779,-377177.2097,"S46_F93_m78f78_P93_Y1_UO3255","ID78_F29_m-1f-1_P78_Y-1_U48","I78_F29_m-1f-1_P78_Y-1_U144","MXY",1,0,0,0,0,0,0,0,-9999,0.75,1,"P77_CV0",1,1,1,0,2,0,2,0,2
46,-512503.9779,-377177.2097,"I46_F52_m7f7_P52_Y0_UO486","R7_F7_m-1f-1_P7_Y-1_U240","R7_F7_m-1f-1_P7_Y-1_U206","MXY",2,0,1,0,0,0,0,0,-9999,0.5,1,"P6_CV0",1,0,2,1,1,0,2,0,2
46,-512503.9779,-377177.2097,"ID46_F52_m-1f-1_P46_Y-1_U96","-9999","-9999","FXX",4,0,1,0,1,0,0,0,-9999,0.5,1,"P45_CV0",1,1,1,0,2,0,2,0,2
46,-512503.9779,-377177.2097,"I46_F19_m-1f-1_P46_Y-1_U194","-9999","-9999","FXX",6,0,1,0,1,0,0,0,-9999,1,1,"P45_CV0",1,2,0,1,1,0,2,0,2
46,-512503.9779,-377177.2097,"ID46_F52_m-1f-1_P30_Y-1_U38","-9999","-9999","FXX",9,0,1,0,1,0,0,0,-9999,0.5,1,"P29_CV0",1,1,1,1,1,0,2,0,2
46,-512503.9779,-377177.2097,"I46_F52_m-1f-1_P46_Y-1_U192","-9999","-9999","MXY",15,0,1,0,0,0,0,0,-9999,0.5,1,"P45_CV0",1,1,1,1,1,0,2,0,2
47,-141051.7758,-1469014.769,"S47_F81_m80f80_P81_Y1_UO3406","I80_F81_m-1f-1_P80_Y-1_U159","ID80_F81_m-1f-1_P80_Y-1_U50","MXY",1,0,0,0,0,0,0,0,-9999,1,1,"P79_CV0",1,2,0,2,0,0,2,0,2
47,-141051.7758,-1469014.769,"ID47_F81_m-1f-1_P47_Y-1_U238","-9999","-9999","MXY",3,0,1,0,0,0,0,0,-9999,1,1,"P46_CV0",1,2,0,1,1,0,2,0,2
47,-141051.7758,-1469014.769,"I47_F81_m-1f-1_P47_Y-1_U149","-9999","-9999","MXY",4,0,1,0,0,0,0,0,-9999,0,1,"P46_CV0",1,0,2,1,1,0,2,0,2
47,-141051.7758,-1469014.769,"I47_F81_m-1f-1_P47_Y-1_U160","-9999","-9999","FXX",5,0,1,0,1,0,0,0,-9999,0,1,"P46_CV0",1,0,2,2,0,0,2,0,2
47,-141051.7758,-1469014.769,"I47_F64_m-1f-1_P47_Y-1_U3","-9999","-9999","MXY",6,0,1,0,0,0,0,0,-9999,0.5,1,"P46_CV0",1,1,1,0,2,0,2,0,2
47,-141051.7758,-1469014.769,"ID47_F64_m-1f-1_P17_Y-1_U134","-9999","-9999","MXY",8,0,1,0,0,0,0,0,-9999,0,1,"P16_CV0",1,0,2,0,2,0,2,0,2
47,-141051.7758,-1469014.769,"I47_F81_m-1f-1_P47_Y-1_U220","-9999","-9999","MXY",12,0,1,0,0,0,0,0,-9999,0.5,1,"P46_CV0",1,1,1,1,1,0,2,0,2
47,-141051.7758,-1469014.769,"ID47_F72_m-1f-1_P80_Y-1_U149","-9999","-9999","MXY",16,0,1,0,0,0,0,0,-9999,0.5,1,"P79_CV0",1,1,1,1,1,0,2,0,2
50,-461024.1736,-947658.4692,"S50_F6_m40f40_P6_Y1_UO1703","ID40_F99_m-1f-1_P40_Y-1_U67","I40_F6_m-1f-1_P40_Y-1_U208","MXY",1,0,0,0,0,0,0,0,-9999,0.5,1,"P39_CV0",1,1,1,2,0,0,2,0,2
50,-461024.1736,-947658.4692,"S50_F99_m50f50_P99_Y1_UO2180","I50_F6_m-1f-1_P50_Y-1_U18","I50_F99_m-1f-1_P50_Y-1_U198","MXY",1,0,0,0,0,0,0,0,-9999,0.25,1,"P49_CV0",1,0,2,2,0,0,2,0,2
50,-461024.1736,-947658.4692,"I50_F99_m42f42_P99_Y0_UO2064","R42_F42_m-1f-1_P42_Y-1_U192","R42_F42_m-1f-1_P42_Y-1_U130","FXX",2,0,1,0,1,0,0,0,-9999,0.75,1,"P41_CV0",1,2,0,0,2,0,2,0,2
50,-461024.1736,-947658.4692,"ID50_F99_m40f40_P57_Y0_UO1906","R40_F40_m-1f-1_P40_Y-1_U32","R40_F40_m-1f-1_P40_Y-1_U162","FXX",2,0,1,0,1,0,0,0,-9999,0.25,1,"P39_CV0",1,0,2,1,1,0,2,0,2
50,-461024.1736,-947658.4692,"I50_F99_m-1f-1_P50_Y-1_U221","-9999","-9999","FXX",4,0,1,0,1,0,0,0,-9999,1,1,"P49_CV0",1,2,0,0,2,0,2,0,2
50,-461024.1736,-947658.4692,"I50_F99_m-1f-1_P50_Y-1_U97","-9999","-9999","FXX",6,0,1,0,1,0,0,0,-9999,0,1,"P49_CV0",1,0,2,1,1,0,2,0,2
50,-461024.1736,-947658.4692,"ID50_F81_m-1f-1_P94_Y-1_U62","-9999","-9999","MXY",8,0,1,0,0,0,0,0,-9999,0.5,1,"P93_CV0",1,1,1,1,1,0,2,0,2
50,-461024.1736,-947658.4692,"I50_F99_m-1f-1_P50_Y-1_U178","-9999","-9999","MXY",16,0,1,0,0,0,0,0,-9999,0,1,"P49_CV0",1,0,2,0,2,0,2,0,2
53,-1422325.353,-23209.75852,"S53_F26_m34f34_P26_Y1_UO1466","I34_F54_m-1f-1_P34_Y-1_U124","I34_F61_m-1f-1_P34_Y-1_U149","FXX",1,0,0,0,0,0,0,0,-9999,0.5,1,"P33_CV0",1,0,2,2,0,0,2,0,2
53,-1422325.353,-23209.75852,"S53_F26_m53f53_P26_Y1_UO2303","ID53_F26_m-1f-1_P53_Y-1_U133","I53_F26_m-1f-1_P53_Y-1_U204","FXX",1,0,0,0,0,0,0,0,-9999,0.25,1,"P52_CV0",1,1,1,0,2,0,2,0,2
53,-1422325.353,-23209.75852,"I53_F26_m53f53_P26_Y0_UO2568","R53_F53_m-1f-1_P53_Y-1_U19","R53_F53_m-1f-1_P53_Y-1_U200","MXY",2,0,1,0,0,0,0,0,-9999,0.5,1,"P52_CV0",1,2,0,2,0,0,2,0,2
53,-1422325.353,-23209.75852,"I53_F26_m-1f-1_P53_Y-1_U153","-9999","-9999","MXY",4,0,1,0,0,0,0,0,-9999,0.5,1,"P52_CV0",1,1,1,1,1,0,2,0,2
53,-1422325.353,-23209.75852,"I53_F26_m-1f-1_P53_Y-1_U183","-9999","-9999","FXX",5,0,1,0,1,0,0,0,-9999,0,1,"P52_CV0",1,0,2,2,0,0,2,0,2
53,-1422325.353,-23209.75852,"I53_F26_m-1f-1_P53_Y-1_U192","-9999","-9999","FXX",7,0,1,0,1,0,0,0,-9999,0.5,1,"P52_CV0",1,1,1,0,2,0,2,0,2
53,-1422325.353,-23209.75852,"I53_F26_m-1f-1_P53_Y-1_U75","-9999","-9999","MXY",9,0,1,0,0,0,0,0,-9999,0.5,1,"P52_CV0",1,1,1,2,0,0,2,0,2
53,-1422325.353,-23209.75852,"ID53_F26_m-1f-1_P53_Y-1_U218","-9999","-9999","FXX",16,0,1,0,1,0,0,0,-9999,0,1,"P52_CV0",1,0,2,2,0,0,2,0,2
55,164905.8369,-253907.3648,"S55_F14_m15f15_P14_Y1_UO741","I15_F41_m-1f-1_P15_Y-1_U73","I15_F41_m-1f-1_P15_Y-1_U59","FXX",1,0,0,0,0,0,0,0,-9999,0.75,1,"P14_CV0",1,2,0,2,0,0,2,0,2
55,164905.8369,-253907.3648,"S55_F41_m73f73_P41_Y1_UO3097","ID73_F89_m-1f-1_P15_Y-1_U71","I73_F89_m-1f-1_P73_Y-1_U191","FXX",1,0,0,0,0,0,0,0,-9999,0.25,1,"P72_CV0",1,1,1,2,0,0,2,0,2
55,164905.8369,-253907.3648,"S55_F89_m55f55_P89_Y1_UO2411","I55_F89_m-1f-1_P55_Y-1_U138","ID55_F49_m-1f-1_P15_Y-1_U107","MXY",1,0,0,0,0,0,0,0,-9999,0.25,1,"P54_CV0",1,1,1,1,1,0,2,0,2
55,164905.8369,-253907.3648,"I55_F89_m100f100_P48_Y0_UO4957","R100_F100_m-1f-1_P100_Y-1_U193","R100_F100_m-1f-1_P100_Y-1_U53","MXY",2,0,1,0,0,0,0,0,-9999,0.5,1,"P99_CV0",1,1,1,1,1,0,2,0,2
55,164905.8369,-253907.3648,"I55_F89_m-1f-1_P55_Y-1_U37","-9999","-9999","MXY",3,0,1,0,0,0,0,0,-9999,0.5,1,"P54_CV0",1,1,1,2,0,0,2,0,2
55,164905.8369,-253907.3648,"I55_F89_m-1f-1_P55_Y-1_U0","-9999","-9999","FXX",5,0,1,0,1,0,0,0,-9999,0.5,1,"P54_CV0",1,1,1,1,1,0,2,0,2
55,164905.8369,-253907.3648,"I55_F41_m-1f-1_P73_Y-1_U238","-9999","-9999","MXY",8,0,1,0,0,0,0,0,-9999,0,1,"P72_CV0",1,0,2,1,1,0,2,0,2
55,164905.8369,-253907.3648,"ID55_F48_m-1f-1_P43_Y-1_U231","-9999","-9999","FXX",16,0,1,0,1,0,0,0,-9999,1,1,"P42_CV0",1,2,0,1,1,0,2,0,2
56,389918.0706,-1611673.791,"S56_F59_m16f16_P59_Y1_UO786","ID16_F59_m-1f-1_P16_Y-1_U189","I16_F59_m-1f-1_P16_Y-1_U175","MXY",1,0,0,0,0,0,0,0,-9999,0.5,1,"P15_CV0",1,1,1,0,2,0,2,0,2
56,389918.0706,-1611673.791,"S56_F59_m56f56_P59_Y1_UO2456","I56_F59_m-1f-1_P56_Y-1_U179","I56_F59_m-1f-1_P56_Y-1_U195","FXX",1,0,0,0,0,0,0,0,-9999,0.5,1,"P55_CV0",1,1,1,1,1,0,2,0,2
56,389918.0706,-1611673.791,"I56_F59_m17f17_P59_Y0_UO1034","R17_F17_m-1f-1_P17_Y-1_U45","R17_F17_m-1f-1_P17_Y-1_U68","MXY",2,0,1,0,0,0,0,0,-9999,0.5,1,"P16_CV0",1,1,1,2,0,0,2,0,2
56,389918.0706,-1611673.791,"I56_F59_m-1f-1_P56_Y-1_U10","-9999","-9999","FXX",3,0,1,0,1,0,0,0,-9999,0,1,"P55_CV0",1,0,2,1,1,0,2,0,2
56,389918.0706,-1611673.791,"I56_F59_m-1f-1_P56_Y-1_U164","-9999","-9999","FXX",5,0,1,0,1,0,0,0,-9999,0.5,1,"P55_CV0",1,1,1,0,2,0,2,0,2
56,389918.0706,-1611673.791,"I56_F59_m-1f-1_P56_Y-1_U99","-9999","-9999","FXX",7,0,1,0,1,0,0,0,-9999,0.5,1,"P55_CV0",1,1,1,1,1,0,2,0,2
56,389918.0706,-1611673.791,"ID56_F59_m-1f-1_P56_Y-1_U204","-9999","-9999","FXX",10,0,1,0,1,0,0,0,-9999,0,1,"P55_CV0",1,0,2,1,1,0,2,0,2
56,389918.0706,-1611673.791,"I56_F59_m-1f-1_P56_Y-1_U98","-9999","-9999","FXX",16,0,1,0,1,0,0,0,-9999,0.5,1,"P55_CV0",1,1,1,1,1,0,2,0,2
58,-383430.1935,-1017217.185,"S58_F72_m58f58_P72_Y1_UO2553","ID58_F99_m-1f-1_P42_Y-1_U95","I58_F99_m-1f-1_P58_Y-1_U56","FXX",1,0,0,0,0,0,0,0,-9999,0.25,1,"P41_CV0",1,1,1,1,1,0,2,0,2
58,-383430.1935,-1017217.185,"S58_F99_m50f50_P99_Y1_UO2210","I50_F99_m-1f-1_P50_Y-1_U170","I50_F57_m-1f-1_P50_Y-1_U225","FXX",1,0,0,0,0,0,0,0,-9999,0.75,1,"P49_CV0",1,1,1,2,0,0,2,0,2
58,-383430.1935,-1017217.185,"I58_F99_m-1f-1_P58_Y-1_U104","-9999","-9999","MXY",3,0,1,0,0,0,0,0,-9999,0.5,1,"P57_CV0",1,1,1,0,2,0,2,0,2
58,-383430.1935,-1017217.185,"ID58_F6_m-1f-1_P58_Y-1_U5","-9999","-9999","MXY",4,0,1,0,0,0,0,0,-9999,1,1,"P57_CV0",1,2,0,0,2,0,2,0,2
58,-383430.1935,-1017217.185,"ID58_F57_m-1f-1_P50_Y-1_U164","-9999","-9999","FXX",5,0,1,0,1,0,0,0,-9999,0,1,"P49_CV0",1,0,2,2,0,0,2,0,2
58,-383430.1935,-1017217.185,"I58_F99_m-1f-1_P58_Y-1_U204","-9999","-9999","MXY",7,0,1,0,0,0,0,0,-9999,0.5,1,"P57_CV0",1,1,1,0,2,0,2,0,2
58,-383430.1935,-1017217.185,"I58_F99_m-1f-1_P58_Y-1_U60","-9999","-9999","MXY",9,0,1,0,0,0,0,0,-9999,0,1,"P57_CV0",1,0,2,1,1,0,2,0,2
58,-383430.1935,-1017217.185,"ID58_F81_m-1f-1_P58_Y-1_U7","-9999","-9999","FXX",16,0,1,0,1,0,0,0,-9999,0.5,1,"P57_CV0",1,1,1,1,1,0,2,0,2
60,-197523.2111,-125776.5527,"S60_F14_m55f55_P14_Y1_UO2374","I55_F89_m-1f-1_P55_Y-1_U87","I55_F89_m-1f-1_P55_Y-1_U209","FXX",1,0,0,0,0,0,0,0,-9999,0.75,1,"P54_CV0",1,1,1,0,2,0,2,0,2
60,-197523.2111,-125776.5527,"S60_F75_m60f60_P75_Y1_UO2639","I60_F14_m-1f-1_P60_Y-1_U77","I60_F75_m-1f-1_P60_Y-1_U243","MXY",1,0,0,0,0,0,0,0,-9999,0.5,1,"P59_CV0",1,1,1,1,1,0,2,0,2
60,-197523.2111,-125776.5527,"S60_F75_m60f60_P75_Y1_UO2712","I60_F75_m-1f-1_P60_Y-1_U137","I60_F75_m-1f-1_P60_Y-1_U178","MXY",1,0,0,0,0,0,0,0,-9999,1,1,"P59_CV0",1,2,0,2,0,0,2,0,2
60,-197523.2111,-125776.5527,"I60_F48_m60f60_P75_Y0_UO2996","R60_F60_m-1f-1_P60_Y-1_U34","R60_F60_m-1f-1_P60_Y-1_U69","FXX",2,0,1,0,1,0,0,0,-9999,1,1,"P59_CV0",1,2,0,2,0,0,2,0,2
60,-197523.2111,-125776.5527,"ID60_F49_m-1f-1_P60_Y-1_U65","-9999","-9999","MXY",4,0,1,0,0,0,0,0,-9999,0.5,1,"P59_CV0",1,1,1,0,2,0,2,0,2
60,-197523.2111,-125776.5527,"ID60_F75_m-1f-1_P60_Y-1_U189","-9999","-9999","MXY",6,0,1,0,0,0,0,0,-9999,1,1,"P59_CV0",1,2,0,2,0,0,2,0,2
60,-197523.2111,-125776.5527,"I60_F75_m-1f-1_P60_Y-1_U107","-9999","-9999","FXX",8,0,1,0,1,0,0,0,-9999,0.5,1,"P59_CV0",1,1,1,0,2,0,2,0,2
60,-197523.2111,-125776.5527,"I60_F75_m-1f-1_P60_Y-1_U71","-9999","-9999","FXX",16,0,1,0,1,0,0,0,-9999,0.5,1,"P59_CV0",1,1,1,1,1,0,2,0,2
62,-1382992.056,566506.7331,"S62_F20_m62f62_P20_Y1_UO2751","ID62_F20_m-1f-1_P62_Y-1_U211","I62_F20_m-1f-1_P62_Y-1_U71","FXX",1,0,0,0,0,0,0,0,-9999,0.75,1,"P61_CV0",1,1,1,1,1,0,2,0,2
62,-1382992.056,566506.7331,"S62_F20_m62f62_P20_Y1_UO2778","I62_F20_m-1f-1_P62_Y-1_U226","ID62_F20_m-1f-1_P62_Y-1_U121","FXX",1,0,0,0,0,0,0,0,-9999,0.25,1,"P61_CV0",1,0,2,1,1,0,2,0,2
62,-1382992.056,566506.7331,"S62_F20_m83f83_P20_Y1_UO3568","I83_F20_m-1f-1_P83_Y-1_U155","I83_F20_m-1f-1_P83_Y-1_U234","FXX",1,0,0,0,0,0,0,0,-9999,0.75,1,"P82_CV0",1,1,1,0,2,0,2,0,2
62,-1382992.056,566506.7331,"I62_F20_m70f70_P20_Y0_UO3407","R70_F70_m-1f-1_P70_Y-1_U73","R70_F70_m-1f-1_P70_Y-1_U42","MXY",2,0,1,0,0,0,0,0,-9999,0.75,1,"P69_CV0",1,2,0,1,1,0,2,0,2
62,-1382992.056,566506.7331,"I62_F20_m53f53_P26_Y0_UO2607","R53_F53_m-1f-1_P53_Y-1_U125","R53_F53_m-1f-1_P53_Y-1_U236","FXX",2,0,1,0,1,0,0,0,-9999,0.75,1,"P52_CV0",1,1,1,0,2,0,2,0,2
62,-1382992.056,566506.7331,"I62_F20_m-1f-1_P62_Y-1_U146","-9999","-9999","MXY",4,0,1,0,0,0,0,0,-9999,1,1,"P61_CV0",1,2,0,1,1,0,2,0,2
62,-1382992.056,566506.7331,"I62_F20_m-1f-1_P62_Y-1_U225","-9999","-9999","MXY",7,0,1,0,0,0,0,0,-9999,1,1,"P61_CV0",1,2,0,0,2,0,2,0,2
62,-1382992.056,566506.7331,"I62_F20_m-1f-1_P62_Y-1_U41","-9999","-9999","FXX",16,0,1,0,1,0,0,0,-9999,0.5,1,"P61_CV0",1,1,1,1,1,0,2,0,2
63,-159886.8312,-605506.5271,"S63_F2_m85f85_P2_Y1_UO3777","I85_F36_m-1f-1_P85_Y-1_U27","I85_F69_m-1f-1_P85_Y-1_U22","FXX",1,0,0,0,0,0,0,0,-9999,0.5,1,"P84_CV0",1,1,1,1,1,0,2,0,2
63,-159886.8312,-605506.5271,"S63_F68_m31f31_P68_Y1_UO1345","ID31_F52_m-1f-1_P12_Y-1_U61","ID31_F68_m-1f-1_P84_Y-1_U171","MXY",1,0,0,0,0,0,0,0,-9999,1,1,"P11_CV0",1,2,0,0,2,0,2,0,2
63,-159886.8312,-605506.5271,"S63_F68_m31f31_P68_Y1_UO1386","I31_F68_m-1f-1_P31_Y-1_U149","ID31_F8_m-1f-1_P84_Y-1_U139","MXY",1,0,0,0,0,0,0,0,-9999,0.75,1,"P83_CV0",1,2,0,0,2,0,2,0,2
63,-159886.8312,-605506.5271,"I63_F68_m65f65_P8_Y0_UO3325","R65_F65_m-1f-1_P65_Y-1_U140","R65_F65_m-1f-1_P65_Y-1_U214","FXX",2,0,1,0,1,0,0,0,-9999,0,1,"P64_CV0",1,0,2,1,1,0,2,0,2
63,-159886.8312,-605506.5271,"I63_F8_m-1f-1_P63_Y-1_U172","-9999","-9999","MXY",3,0,1,0,0,0,0,0,-9999,1,1,"P62_CV0",1,2,0,1,1,0,2,0,2
63,-159886.8312,-605506.5271,"I63_F8_m-1f-1_P31_Y-1_U215","-9999","-9999","FXX",5,0,1,0,1,0,0,0,-9999,1,1,"P30_CV0",1,2,0,1,1,0,2,0,2
63,-159886.8312,-605506.5271,"I63_F8_m-1f-1_P31_Y-1_U77","-9999","-9999","MXY",8,0,1,0,0,0,0,0,-9999,0.5,1,"P30_CV0",1,1,1,0,2,0,2,0,2
63,-159886.8312,-605506.5271,"ID63_F98_m-1f-1_P65_Y-1_U66","-9999","-9999","FXX",16,0,1,0,1,0,0,0,-9999,0,1,"P64_CV0",1,0,2,1,1,0,2,0,2
65,-161288.9271,-735575.0024,"S65_F2_m85f85_P2_Y1_UO3775","I85_F36_m-1f-1_P85_Y-1_U32","I85_F2_m-1f-1_P85_Y-1_U208","FXX",1,0,0,0,0,0,0,0,-9999,1,1,"P84_CV0",1,2,0,2,0,0,2,0,2
65,-161288.9271,-735575.0024,"S65_F68_m31f31_P68_Y1_UO1351","I31_F8_m-1f-1_P31_Y-1_U188","I31_F8_m-1f-1_P31_Y-1_U60","FXX",1,0,0,0,0,0,0,0,-9999,0.5,1,"P30_CV0",1,0,2,2,0,0,2,0,2
65,-161288.9271,-735575.0024,"S65_F98_m65f65_P98_Y1_UO2966","I65_F8_m-1f-1_P65_Y-1_U12","I65_F69_m-1f-1_P65_Y-1_U143","FXX",1,0,0,0,0,0,0,0,-9999,0.75,1,"P64_CV0",1,2,0,1,1,0,2,0,2
65,-161288.9271,-735575.0024,"I65_F98_m25f25_P8_Y0_UO1328","R25_F25_m-1f-1_P25_Y-1_U18","R25_F25_m-1f-1_P25_Y-1_U183","FXX",2,0,1,0,1,0,0,0,-9999,0.75,1,"P24_CV0",1,2,0,1,1,0,2,0,2
65,-161288.9271,-735575.0024,"ID65_F98_m-1f-1_P65_Y-1_U230","-9999","-9999","MXY",3,0,1,0,0,0,0,0,-9999,1,1,"P64_CV0",1,2,0,0,2,0,2,0,2
65,-161288.9271,-735575.0024,"I65_F69_m-1f-1_P65_Y-1_U180","-9999","-9999","FXX",5,0,1,0,1,0,0,0,-9999,0.5,1,"P64_CV0",1,1,1,0,2,0,2,0,2
65,-161288.9271,-735575.0024,"I65_F68_m-1f-1_P65_Y-1_U220","-9999","-9999","FXX",9,0,1,0,1,0,0,0,-9999,0,1,"P64_CV0",1,0,2,0,2,0,2,0,2
65,-161288.9271,-735575.0024,"I65_F36_m-1f-1_P65_Y-1_U102","-9999","-9999","MXY",16,0,1,0,0,0,0,0,-9999,0.5,1,"P64_CV0",1,1,1,1,1,0,2,0,2
70,-1689932.148,427283.0355,"S70_F20_m62f62_P20_Y1_UO2724","I62_F20_m-1f-1_P62_Y-1_U119","ID62_F20_m-1f-1_P62_Y-1_U133","MXY",1,0,0,0,0,0,0,0,-9999,0.5,1,"P61_CV0",1,1,1,2,0,0,2,0,2
70,-1689932.148,427283.0355,"S70_F20_m70f70_P20_Y1_UO3006","I70_F20_m-1f-1_P70_Y-1_U231","I70_F20_m-1f-1_P70_Y-1_U245","MXY",1,0,0,0,0,0,0,0,-9999,0.5,1,"P69_CV0",1,1,1,2,0,0,2,0,2
70,-1689932.148,427283.0355,"S70_F20_m83f83_P20_Y1_UO3533","I83_F20_m-1f-1_P83_Y-1_U58","I83_F20_m-1f-1_P83_Y-1_U79","FXX",1,0,0,0,0,0,0,0,-9999,0,1,"P82_CV0",1,0,2,1,1,0,2,0,2
70,-1689932.148,427283.0355,"I70_F20_m83f83_P20_Y0_UO3981","R83_F83_m-1f-1_P83_Y-1_U84","R83_F83_m-1f-1_P83_Y-1_U159","MXY",2,0,1,0,0,0,0,0,-9999,0.75,1,"P82_CV0",1,2,0,1,1,0,2,0,2
70,-1689932.148,427283.0355,"I70_F20_m70f70_P20_Y0_UO3463","R70_F70_m-1f-1_P70_Y-1_U243","R70_F70_m-1f-1_P70_Y-1_U180","FXX",2,0,1,0,1,0,0,0,-9999,0.25,1,"P69_CV0",1,1,1,0,2,0,2,0,2
70,-1689932.148,427283.0355,"ID70_F20_m-1f-1_P70_Y-1_U131","-9999","-9999","FXX",5,0,1,0,1,0,0,0,-9999,0.5,1,"P69_CV0",1,1,1,1,1,0,2,0,2
70,-1689932.148,427283.0355,"I70_F20_m-1f-1_P70_Y-1_U242","-9999","-9999","MXY",8,0,1,0,0,0,0,0,-9999,0.5,1,"P69_CV0",1,1,1,2,0,0,2,0,2
70,-1689932.148,427283.0355,"I70_F20_m-1f-1_P70_Y-1_U221","-9999","-9999","FXX",16,0,1,0,1,0,0,0,-9999,0.5,1,"P69_CV0",1,1,1,0,2,0,2,0,2
73,219758.0077,-236051.2697,"S73_F14_m15f15_P14_Y1_UO700","I15_F14_m-1f-1_P15_Y-1_U42","ID15_F41_m-1f-1_P15_Y-1_U50","FXX",1,0,0,0,0,0,0,0,-9999,0.25,1,"P14_CV0",1,1,1,1,1,0,2,0,2
73,219758.0077,-236051.2697,"S73_F89_m11f11_P89_Y1_UO564","I11_F89_m-1f-1_P11_Y-1_U145","I11_F89_m-1f-1_P11_Y-1_U129","FXX",1,0,0,0,0,0,0,0,-9999,1,1,"P10_CV0",1,2,0,2,0,0,2,0,2
73,219758.0077,-236051.2697,"S73_F89_m73f73_P89_Y1_UO3080","I73_F89_m-1f-1_P73_Y-1_U231","I73_F89_m-1f-1_P73_Y-1_U86","MXY",1,0,0,0,0,0,0,0,-9999,0.75,1,"P72_CV0",1,1,1,2,0,0,2,0,2
73,219758.0077,-236051.2697,"ID73_F41_m15f15_P41_Y0_UO859","R15_F15_m-1f-1_P15_Y-1_U139","R15_F15_m-1f-1_P15_Y-1_U4","MXY",2,0,1,0,0,0,0,0,-9999,0.75,1,"P14_CV0",1,1,1,2,0,0,2,0,2
73,219758.0077,-236051.2697,"I73_F41_m-1f-1_P73_Y-1_U158","-9999","-9999","MXY",3,0,1,0,0,0,0,0,-9999,0.5,1,"P72_CV0",1,1,1,0,2,0,2,0,2
73,219758.0077,-236051.2697,"I73_F89_m-1f-1_P73_Y-1_U205","-9999","-9999","MXY",5,0,1,0,0,0,0,0,-9999,0.5,1,"P72_CV0",1,1,1,0,2,0,2,0,2
73,219758.0077,-236051.2697,"I73_F89_m-1f-1_P73_Y-1_U177","-9999","-9999","FXX",8,0,1,0,1,0,0,0,-9999,0,1,"P72_CV0",1,0,2,1,1,0,2,0,2
73,219758.0077,-236051.2697,"I73_F41_m-1f-1_P73_Y-1_U196","-9999","-9999","MXY",16,0,1,0,0,0,0,0,-9999,0.5,1,"P72_CV0",1,1,1,2,0,0,2,0,2
77,-207791.6692,492111.7832,"S77_F10_m1f1_P10_Y1_UO22","I1_F10_m-1f-1_P1_Y-1_U58","I1_F10_m-1f-1_P1_Y-1_U96","FXX",1,0,0,0,0,0,0,0,-9999,0.5,1,"P0_CV0",1,2,0,0,2,0,2,0,2
77,-207791.6692,492111.7832,"S77_F82_m77f77_P82_Y1_UO3223","I77_F10_m-1f-1_P77_Y-1_U218","I77_F82_m-1f-1_P77_Y-1_U197","MXY",1,0,0,0,0,0,0,0,-9999,0.5,1,"P76_CV0",1,1,1,1,1,0,2,0,2
77,-207791.6692,492111.7832,"I77_F33_m9f9_P10_Y0_UO555","R9_F9_m-1f-1_P9_Y-1_U176","R9_F9_m-1f-1_P9_Y-1_U21","FXX",2,0,1,0,1,0,0,0,-9999,0.25,1,"P8_CV0",1,1,1,1,1,0,2,0,2
77,-207791.6692,492111.7832,"I77_F82_m-1f-1_P4_Y-1_U7","-9999","-9999","MXY",4,0,1,0,0,0,0,0,-9999,0.5,1,"P3_CV0",1,1,1,2,0,0,2,0,2
77,-207791.6692,492111.7832,"ID77_F10_m-1f-1_P77_Y-1_U151","-9999","-9999","FXX",5,0,1,0,1,0,0,0,-9999,0.5,1,"P76_CV0",1,1,1,0,2,0,2,0,2
77,-207791.6692,492111.7832,"I77_F33_m-1f-1_P9_Y-1_U28","-9999","-9999","FXX",7,0,1,0,1,0,0,0,-9999,0.5,1,"P8_CV0",1,1,1,1,1,0,2,0,2
77,-207791.6692,492111.7832,"ID77_F82_m-1f-1_P77_Y-1_U48","-9999","-9999","MXY",9,0,1,0,0,0,0,0,-9999,0.5,1,"P76_CV0",1,1,1,2,0,0,2,0,2
77,-207791.6692,492111.7832,"I77_F82_m-1f-1_P77_Y-1_U109","-9999","-9999","FXX",16,0,1,0,1,0,0,0,-9999,0.5,1,"P76_CV0",1,1,1,1,1,0,2,0,2
78,-763079.6065,-78909.04959,"S78_F13_m12f12_P13_Y1_UO676","I12_F35_m-1f-1_P12_Y-1_U157","I12_F52_m-1f-1_P12_Y-1_U60","MXY",1,0,0,0,0,0,0,0,-9999,0,1,"P11_CV0",1,0,2,2,0,0,2,0,2
78,-763079.6065,-78909.04959,"S78_F29_m88f88_P29_Y1_UO3940","ID88_F29_m-1f-1_P88_Y-1_U40","I88_F29_m-1f-1_P88_Y-1_U52","MXY",1,0,0,0,0,0,0,0,-9999,0.25,1,"P87_CV0",1,0,2,2,0,0,2,0,2
78,-763079.6065,-78909.04959,"I78_F54_m88f88_P29_Y0_UO4404","R88_F88_m-1f-1_P88_Y-1_U70","R88_F88_m-1f-1_P88_Y-1_U92","MXY",2,0,1,0,0,0,0,0,-9999,0.75,1,"P87_CV0",1,2,0,1,1,0,2,0,2
78,-763079.6065,-78909.04959,"I78_F13_m78f78_P13_Y0_UO3708","R78_F78_m-1f-1_P78_Y-1_U106","R78_F78_m-1f-1_P78_Y-1_U28","MXY",2,0,1,0,0,0,0,0,-9999,0.75,1,"P77_CV0",1,1,1,2,0,0,2,0,2
78,-763079.6065,-78909.04959,"I78_F29_m-1f-1_P78_Y-1_U60","-9999","-9999","FXX",4,0,1,0,1,0,0,0,-9999,0.5,1,"P77_CV0",1,1,1,0,2,0,2,0,2
78,-763079.6065,-78909.04959,"I78_F13_m-1f-1_P78_Y-1_U130","-9999","-9999","FXX",6,0,1,0,1,0,0,0,-9999,1,1,"P77_CV0",1,2,0,1,1,0,2,0,2
78,-763079.6065,-78909.04959,"I78_F93_m-1f-1_P78_Y-1_U103","-9999","-9999","FXX",8,0,1,0,1,0,0,0,-9999,0,1,"P77_CV0",1,0,2,1,1,0,2,0,2
78,-763079.6065,-78909.04959,"ID78_F54_m-1f-1_P34_Y-1_U223","-9999","-9999","FXX",16,0,1,0,1,0,0,0,-9999,0.5,1,"P33_CV0",1,1,1,1,1,0,2,0,2
79,185859.9901,-1426728.827,"S79_F64_m17f17_P64_Y1_UO904","I17_F64_m-1f-1_P17_Y-1_U189","I17_F64_m-1f-1_P17_Y-1_U151","MXY",1,0,0,0,0,0,0,0,-9999,0.25,1,"P16_CV0",1,1,1,1,1,0,2,0,2
79,185859.9901,-1426728.827,"S79_F59_m56f56_P59_Y1_UO2482","ID56_F59_m-1f-1_P16_Y-1_U187","ID56_F59_m-1f-1_P56_Y-1_U178","FXX",1,0,0,0,0,0,0,0,-9999,0.5,1,"P55_CV0",1,2,0,2,0,0,2,0,2
79,185859.9901,-1426728.827,"S79_F59_m16f16_P59_Y1_UO845","I16_F59_m-1f-1_P16_Y-1_U117","I16_F59_m-1f-1_P16_Y-1_U233","FXX",1,0,0,0,0,0,0,0,-9999,0.5,1,"P15_CV0",1,1,1,1,1,0,2,0,2
79,185859.9901,-1426728.827,"I79_F59_m56f56_P59_Y0_UO2880","R56_F56_m-1f-1_P56_Y-1_U243","R56_F56_m-1f-1_P56_Y-1_U45","MXY",2,0,1,0,0,0,0,0,-9999,0.5,1,"P55_CV0",1,1,1,1,1,0,2,0,2
79,185859.9901,-1426728.827,"I79_F59_m3f3_P59_Y0_UO175","R3_F3_m-1f-1_P3_Y-1_U235","R3_F3_m-1f-1_P3_Y-1_U39","FXX",2,0,1,0,1,0,0,0,-9999,0.25,1,"P2_CV0",1,0,2,1,1,0,2,0,2
79,185859.9901,-1426728.827,"I79_F59_m-1f-1_P79_Y-1_U13","-9999","-9999","FXX",4,0,1,0,1,0,0,0,-9999,0,1,"P78_CV0",1,0,2,2,0,0,2,0,2
79,185859.9901,-1426728.827,"ID79_F59_m-1f-1_P3_Y-1_U1","-9999","-9999","MXY",7,0,1,0,0,0,0,0,-9999,0.5,1,"P2_CV0",1,1,1,0,2,0,2,0,2
79,185859.9901,-1426728.827,"I79_F59_m-1f-1_P79_Y-1_U229","-9999","-9999","FXX",16,0,1,0,1,0,0,0,-9999,0.5,1,"P78_CV0",1,1,1,1,1,0,2,0,2
80,-393927.6263,-1278131.756,"S80_F72_m47f47_P72_Y1_UO2099","I47_F64_m-1f-1_P47_Y-1_U119","I47_F81_m-1f-1_P47_Y-1_U159","MXY",1,0,0,0,0,0,0,0,-9999,0.5,1,"P46_CV0",1,1,1,1,1,0,2,0,2
80,-393927.6263,-1278131.756,"S80_F81_m47f47_P81_Y1_UO2124","I47_F81_m-1f-1_P47_Y-1_U231","I47_F64_m-1f-1_P47_Y-1_U199","MXY",1,0,0,0,0,0,0,0,-9999,0.25,1,"P46_CV0",1,0,2,2,0,0,2,0,2
80,-393927.6263,-1278131.756,"S80_F81_m80f80_P81_Y1_UO3455","I80_F72_m-1f-1_P80_Y-1_U202","I80_F81_m-1f-1_P80_Y-1_U14","MXY",1,0,0,0,0,0,0,0,-9999,0.5,1,"P79_CV0",1,1,1,1,1,0,2,0,2
80,-393927.6263,-1278131.756,"I80_F81_m47f47_P81_Y0_UO2412","R47_F47_m-1f-1_P47_Y-1_U138","R47_F47_m-1f-1_P47_Y-1_U10","FXX",2,0,1,0,1,0,0,0,-9999,0.5,1,"P46_CV0",1,1,1,1,1,0,2,0,2
80,-393927.6263,-1278131.756,"ID80_F81_m94f94_P81_Y0_UO4691","R94_F94_m-1f-1_P94_Y-1_U21","R94_F94_m-1f-1_P94_Y-1_U5","FXX",2,0,1,0,1,0,0,0,-9999,0.5,1,"P93_CV0",1,1,1,1,1,0,2,0,2
80,-393927.6263,-1278131.756,"ID80_F81_m-1f-1_P80_Y-1_U42","-9999","-9999","FXX",5,0,1,0,1,0,0,0,-9999,0.5,1,"P79_CV0",1,1,1,1,1,0,2,0,2
80,-393927.6263,-1278131.756,"I80_F81_m-1f-1_P80_Y-1_U60","-9999","-9999","MXY",7,0,1,0,0,0,0,0,-9999,1,1,"P79_CV0",1,2,0,2,0,0,2,0,2
80,-393927.6263,-1278131.756,"I80_F72_m-1f-1_P80_Y-1_U95","-9999","-9999","MXY",16,0,1,0,0,0,0,0,-9999,0.5,1,"P79_CV0",1,1,1,1,1,0,2,0,2
83,-1820995.163,488350.4412,"S83_F20_m62f62_P20_Y1_UO2730","I62_F20_m-1f-1_P62_Y-1_U79","I62_F20_m-1f-1_P62_Y-1_U192","MXY",1,0,0,0,0,0,0,0,-9999,0.5,1,"P61_CV0",1,1,1,1,1,0,2,0,2
83,-1820995.163,488350.4412,"I83_F20_m-1f-1_P83_Y-1_U125","-9999","-9999","MXY",3,0,1,0,0,0,0,0,-9999,1,1,"P82_CV0",1,2,0,1,1,0,2,0,2
83,-1820995.163,488350.4412,"ID83_F20_m-1f-1_P83_Y-1_U135","-9999","-9999","MXY",4,0,1,0,0,0,0,0,-9999,0.5,1,"P82_CV0",1,1,1,0,2,0,2,0,2
83,-1820995.163,488350.4412,"ID83_F20_m-1f-1_P83_Y-1_U76","-9999","-9999","FXX",5,0,1,0,1,0,0,0,-9999,0,1,"P82_CV0",1,0,2,2,0,0,2,0,2
83,-1820995.163,488350.4412,"I83_F20_m-1f-1_P83_Y-1_U43","-9999","-9999","MXY",6,0,1,0,0,0,0,0,-9999,0.5,1,"P82_CV0",1,1,1,0,2,0,2,0,2
83,-1820995.163,488350.4412,"I83_F20_m-1f-1_P70_Y-1_U29","-9999","-9999","FXX",8,0,1,0,1,0,0,0,-9999,0.5,1,"P69_CV0",1,1,1,1,1,0,2,0,2
83,-1820995.163,488350.4412,"ID83_F20_m-1f-1_P70_Y-1_U174","-9999","-9999","FXX",11,0,1,0,1,0,0,0,-9999,0.5,1,"P69_CV0",1,1,1,0,2,0,2,0,2
83,-1820995.163,488350.4412,"ID83_F20_m-1f-1_P70_Y-1_U115","-9999","-9999","MXY",16,0,1,0,0,0,0,0,-9999,0.5,1,"P69_CV0",1,1,1,0,2,0,2,0,2
84,-171682.0633,-619513.9564,"S84_F2_m11f11_P2_Y1_UO546","I11_F89_m-1f-1_P11_Y-1_U232","I11_F36_m-1f-1_P11_Y-1_U93","FXX",1,0,0,0,0,0,0,0,-9999,0.5,1,"P10_CV0",1,2,0,2,0,0,2,0,2
84,-171682.0633,-619513.9564,"S84_F68_m25f25_P68_Y1_UO1201","I25_F36_m-1f-1_P25_Y-1_U116","ID25_F98_m-1f-1_P65_Y-1_U134","MXY",1,0,0,0,0,0,0,0,-9999,0.25,1,"P24_CV0",1,1,1,1,1,0,2,0,2
84,-171682.0633,-619513.9564,"S84_F69_m85f85_P69_Y1_UO3795","I85_F2_m-1f-1_P85_Y-1_U89","I85_F69_m-1f-1_P85_Y-1_U206","MXY",1,0,0,0,0,0,0,0,-9999,0.25,1,"P84_CV0",1,1,1,0,2,0,2,0,2
84,-171682.0633,-619513.9564,"I84_F8_m63f63_P68_Y0_UO3240","R63_F63_m-1f-1_P63_Y-1_U139","R63_F63_m-1f-1_P63_Y-1_U67","FXX",2,0,1,0,1,0,0,0,-9999,0.75,1,"P62_CV0",1,1,1,1,1,0,2,0,2
84,-171682.0633,-619513.9564,"I84_F68_m-1f-1_P31_Y-1_U144","-9999","-9999","FXX",4,0,1,0,1,0,0,0,-9999,0.5,1,"P30_CV0",1,1,1,0,2,0,2,0,2
84,-171682.0633,-619513.9564,"ID84_F68_m-1f-1_P65_Y-1_U164","-9999","-9999","FXX",6,0,1,0,1,0,0,0,-9999,0.5,1,"P64_CV0",1,1,1,0,2,0,2,0,2
84,-171682.0633,-619513.9564,"ID84_F68_m-1f-1_P84_Y-1_U111","-9999","-9999","FXX",8,0,1,0,1,0,0,0,-9999,0,1,"P83_CV0",1,0,2,1,1,0,2,0,2
84,-171682.0633,-619513.9564,"I84_F36_m-1f-1_P31_Y-1_U57","-9999","-9999","FXX",16,0,1,0,1,0,0,0,-9999,0,1,"P30_CV0",1,0,2,2,0,0,2,0,2
85,-18819.33775,-711539.8494,"S85_F2_m85f85_P2_Y1_UO3731","I85_F8_m-1f-1_P85_Y-1_U65","I85_F2_m-1f-1_P85_Y-1_U191","MXY",1,0,0,0,0,0,0,0,-9999,0.5,1,"P84_CV0",1,0,2,1,1,0,2,0,2
85,-18819.33775,-711539.8494,"S85_F21_m85f85_P21_Y1_UO3733","I85_F2_m-1f-1_P85_Y-1_U38","I85_F36_m-1f-1_P85_Y-1_U155","MXY",1,0,0,0,0,0,0,0,-9999,0.5,1,"P84_CV0",1,0,2,1,1,0,2,0,2
85,-18819.33775,-711539.8494,"S85_F36_m31f31_P36_Y1_UO1368","ID31_F49_m-1f-1_P100_Y-1_U89","ID31_F98_m-1f-1_P65_Y-1_U154","FXX",1,0,0,0,0,0,0,0,-9999,0.25,1,"P99_CV0",1,1,1,2,0,0,2,0,2
85,-18819.33775,-711539.8494,"I85_F69_m63f63_P69_Y0_UO3221","R63_F63_m-1f-1_P63_Y-1_U100","R63_F63_m-1f-1_P63_Y-1_U127","MXY",2,0,1,0,0,0,0,0,-9999,0.5,1,"P62_CV0",1,1,1,2,0,0,2,0,2
85,-18819.33775,-711539.8494,"ID85_F8_m94f94_P91_Y0_UO4728","R94_F94_m-1f-1_P94_Y-1_U120","R94_F94_m-1f-1_P94_Y-1_U127","MXY",2,0,1,0,0,0,0,0,-9999,0.25,1,"P93_CV0",1,0,2,1,1,0,2,0,2
85,-18819.33775,-711539.8494,"I85_F21_m-1f-1_P85_Y-1_U38","-9999","-9999","FXX",4,0,1,0,1,0,0,0,-9999,0.5,1,"P84_CV0",1,1,1,1,1,0,2,0,2
85,-18819.33775,-711539.8494,"I85_F36_m-1f-1_P85_Y-1_U83","-9999","-9999","FXX",7,0,1,0,1,0,0,0,-9999,0.5,1,"P84_CV0",1,1,1,0,2,0,2,0,2
85,-18819.33775,-711539.8494,"I85_F98_m-1f-1_P85_Y-1_U25","-9999","-9999","FXX",15,0,1,0,1,0,0,0,-9999,1,1,"P84_CV0",1,2,0,1,1,0,2,0,2
87,-595729.8143,90751.21634,"S87_F13_m37f37_P13_Y1_UO1572","ID37_F38_m-1f-1_P7_Y-1_U94","I37_F74_m-1f-1_P37_Y-1_U59","MXY",1,0,0,0,0,0,0,0,-9999,0,1,"P36_CV0",1,0,2,2,0,0,2,0,2
87,-595729.8143,90751.21634,"S87_F24_m87f87_P24_Y1_UO3853","I87_F51_m-1f-1_P87_Y-1_U133","ID87_F24_m-1f-1_P87_Y-1_U166","FXX",1,0,0,0,0,0,0,0,-9999,0.75,1,"P86_CV0",1,1,1,0,2,0,2,0,2
87,-595729.8143,90751.21634,"S87_F51_m39f39_P51_Y1_UO1636","ID39_F75_m-1f-1_P39_Y-1_U80","I39_F75_m-1f-1_P39_Y-1_U241","MXY",1,0,0,0,0,0,0,0,-9999,1,1,"P38_CV0",1,2,0,1,1,0,2,0,2
87,-595729.8143,90751.21634,"I87_F24_m87f87_P24_Y0_UO4271","R87_F87_m-1f-1_P87_Y-1_U37","R87_F87_m-1f-1_P87_Y-1_U189","FXX",2,0,1,0,1,0,0,0,-9999,0.25,1,"P86_CV0",1,1,1,1,1,0,2,0,2
87,-595729.8143,90751.21634,"ID87_F24_m-1f-1_P87_Y-1_U220","-9999","-9999","FXX",4,0,1,0,1,0,0,0,-9999,1,1,"P86_CV0",1,2,0,1,1,0,2,0,2
87,-595729.8143,90751.21634,"I87_F19_m-1f-1_P87_Y-1_U249","-9999","-9999","FXX",6,0,1,0,1,0,0,0,-9999,0.5,1,"P86_CV0",1,1,1,1,1,0,2,0,2
87,-595729.8143,90751.21634,"I87_F24_m-1f-1_P87_Y-1_U2","-9999","-9999","MXY",8,0,1,0,0,0,0,0,-9999,0.5,1,"P86_CV0",1,1,1,2,0,0,2,0,2
87,-595729.8143,90751.21634,"I87_F24_m-1f-1_P87_Y-1_U237","-9999","-9999","MXY",16,0,1,0,0,0,0,0,-9999,0.5,1,"P86_CV0",1,1,1,1,1,0,2,0,2
88,-1121538.646,-161464.1787,"S88_F29_m37f37_P29_Y1_UO1505","ID37_F74_m-1f-1_P7_Y-1_U24","I37_F38_m-1f-1_P37_Y-1_U169","MXY",1,0,0,0,0,0,0,0,-9999,0.25,1,"P36_CV0",1,0,2,0,2,0,2,0,2
88,-1121538.646,-161464.1787,"I88_F29_m88f88_P54_Y0_UO4438","R88_F88_m-1f-1_P88_Y-1_U139","R88_F88_m-1f-1_P88_Y-1_U226","MXY",2,0,1,0,0,0,0,0,-9999,0.25,1,"P87_CV0",1,0,2,1,1,0,2,0,2
88,-1121538.646,-161464.1787,"I88_F66_m-1f-1_P88_Y-1_U87","-9999","-9999","FXX",3,0,1,0,1,0,0,0,-9999,1,1,"P87_CV0",1,2,0,2,0,0,2,0,2
88,-1121538.646,-161464.1787,"I88_F29_m-1f-1_P88_Y-1_U120","-9999","-9999","FXX",4,0,1,0,1,0,0,0,-9999,0,1,"P87_CV0",1,0,2,1,1,0,2,0,2
88,-1121538.646,-161464.1787,"I88_F29_m-1f-1_P88_Y-1_U200","-9999","-9999","MXY",6,0,1,0,0,0,0,0,-9999,0.5,1,"P87_CV0",1,1,1,2,0,0,2,0,2
88,-1121538.646,-161464.1787,"I88_F29_m-1f-1_P88_Y-1_U224","-9999","-9999","MXY",7,0,1,0,0,0,0,0,-9999,0.5,1,"P87_CV0",1,1,1,0,2,0,2,0,2
88,-1121538.646,-161464.1787,"I88_F29_m-1f-1_P88_Y-1_U214","-9999","-9999","FXX",10,0,1,0,1,0,0,0,-9999,1,1,"P87_CV0",1,2,0,1,1,0,2,0,2
88,-1121538.646,-161464.1787,"ID88_F29_m-1f-1_P88_Y-1_U192","-9999","-9999","MXY",16,0,1,0,0,0,0,0,-9999,0.5,1,"P87_CV0",1,1,1,1,1,0,2,0,2
90,-558759.7727,-596665.6744,"S90_F6_m23f23_P6_Y1_UO1063","I23_F52_m-1f-1_P23_Y-1_U221","I23_F57_m-1f-1_P23_Y-1_U151","FXX",1,0,0,0,0,0,0,0,-9999,0.25,1,"P22_CV0",1,0,2,1,1,0,2,0,2
90,-558759.7727,-596665.6744,"S90_F52_m12f12_P52_Y1_UO661","I12_F52_m-1f-1_P12_Y-1_U100","ID12_F52_m-1f-1_P12_Y-1_U12","FXX",1,0,0,0,0,0,0,0,-9999,0.5,1,"P11_CV0",1,0,2,2,0,0,2,0,2
90,-558759.7727,-596665.6744,"S90_F86_m40f40_P86_Y1_UO1677","I40_F98_m-1f-1_P40_Y-1_U76","I40_F98_m-1f-1_P40_Y-1_U71","FXX",1,0,0,0,0,0,0,0,-9999,1,1,"P39_CV0",1,2,0,2,0,0,2,0,2
90,-558759.7727,-596665.6744,"I90_F86_m50f50_P6_Y0_UO2503","R50_F50_m-1f-1_P50_Y-1_U113","R50_F50_m-1f-1_P50_Y-1_U212","MXY",2,0,1,0,0,0,0,0,-9999,0.75,1,"P49_CV0",1,2,0,2,0,0,2,0,2
90,-558759.7727,-596665.6744,"I90_F35_m-1f-1_P90_Y-1_U139","-9999","-9999","MXY",3,0,1,0,0,0,0,0,-9999,0.5,1,"P89_CV0",1,1,1,1,1,0,2,0,2
90,-558759.7727,-596665.6744,"I90_F57_m-1f-1_P90_Y-1_U182","-9999","-9999","MXY",5,0,1,0,0,0,0,0,-9999,1,1,"P89_CV0",1,2,0,1,1,0,2,0,2
90,-558759.7727,-596665.6744,"I90_F35_m-1f-1_P90_Y-1_U17","-9999","-9999","MXY",7,0,1,0,0,0,0,0,-9999,1,1,"P89_CV0",1,2,0,1,1,0,2,0,2
90,-558759.7727,-596665.6744,"ID90_F57_m-1f-1_P92_Y-1_U65","-9999","-9999","MXY",16,0,1,0,0,0,0,0,-9999,0.5,1,"P91_CV0",1,1,1,1,1,0,2,0,2
92,-446783.5623,-818797.0927,"S92_F6_m23f23_P6_Y1_UO1107","I23_F35_m-1f-1_P23_Y-1_U90","I23_F52_m-1f-1_P23_Y-1_U50","MXY",1,0,0,0,0,0,0,0,-9999,0.5,1,"P22_CV0",1,1,1,1,1,0,2,0,2
92,-446783.5623,-818797.0927,"S92_F57_m23f23_P57_Y1_UO1065","I23_F6_m-1f-1_P23_Y-1_U155","I23_F76_m-1f-1_P23_Y-1_U241","FXX",1,0,0,0,0,0,0,0,-9999,0,1,"P22_CV0",1,0,2,2,0,0,2,0,2
92,-446783.5623,-818797.0927,"S92_F99_m50f50_P99_Y1_UO2173","I50_F6_m-1f-1_P50_Y-1_U154","I50_F99_m-1f-1_P50_Y-1_U248","FXX",1,0,0,0,0,0,0,0,-9999,0.75,1,"P49_CV0",1,1,1,2,0,0,2,0,2
92,-446783.5623,-818797.0927,"I92_F6_m23f23_P57_Y0_UO1301","R23_F23_m-1f-1_P23_Y-1_U207","R23_F23_m-1f-1_P23_Y-1_U158","MXY",2,0,1,0,0,0,0,0,-9999,0.5,1,"P22_CV0",1,1,1,2,0,0,2,0,2
92,-446783.5623,-818797.0927,"I92_F27_m45f45_P6_Y0_UO2229","R45_F45_m-1f-1_P45_Y-1_U114","R45_F45_m-1f-1_P45_Y-1_U40","MXY",2,0,1,0,0,0,0,0,-9999,0.75,1,"P44_CV0",1,2,0,1,1,0,2,0,2
92,-446783.5623,-818797.0927,"I92_F99_m-1f-1_P50_Y-1_U24","-9999","-9999","MXY",5,0,1,0,0,0,0,0,-9999,0.5,1,"P49_CV0",1,1,1,2,0,0,2,0,2
92,-446783.5623,-818797.0927,"I92_F99_m-1f-1_P92_Y-1_U95","-9999","-9999","MXY",8,0,1,0,0,0,0,0,-9999,1,1,"P91_CV0",1,2,0,0,2,0,2,0,2
92,-446783.5623,-818797.0927,"I92_F99_m-1f-1_P92_Y-1_U114","-9999","-9999","FXX",16,0,1,0,1,0,0,0,-9999,0.5,1,"P91_CV0",1,1,1,1,1,0,2,0,2
94,-292528.4177,-1031942.996,"S94_F28_m94f94_P28_Y1_UO4185","I94_F81_m-1f-1_P94_Y-1_U218","ID94_F81_m-1f-1_P58_Y-1_U240","FXX",1,0,0,0,0,0,0,0,-9999,0.5,1,"P57_CV0",1,1,1,2,0,0,2,0,2
94,-292528.4177,-1031942.996,"S94_F99_m42f42_P99_Y1_UO1748","ID42_F6_m-1f-1_P42_Y-1_U9","I42_F99_m-1f-1_P42_Y-1_U44","FXX",1,0,0,0,0,0,0,0,-9999,0.5,1,"P41_CV0",1,2,0,1,1,0,2,0,2
94,-292528.4177,-1031942.996,"I94_F91_m-1f-1_P94_Y-1_U38","-9999","-9999","FXX",3,0,1,0,1,0,0,0,-9999,1,1,"P93_CV0",1,2,0,1,1,0,2,0,2
94,-292528.4177,-1031942.996,"ID94_F99_m-1f-1_P94_Y-1_U167","-9999","-9999","FXX",4,0,1,0,1,0,0,0,-9999,0,1,"P93_CV0",1,0,2,2,0,0,2,0,2
94,-292528.4177,-1031942.996,"I94_F81_m-1f-1_P94_Y-1_U46","-9999","-9999","MXY",5,0,1,0,0,0,0,0,-9999,0,1,"P93_CV0",1,0,2,2,0,0,2,0,2
94,-292528.4177,-1031942.996,"I94_F99_m-1f-1_P94_Y-1_U155","-9999","-9999","MXY",7,0,1,0,0,0,0,0,-9999,1,1,"P93_CV0",1,2,0,1,1,0,2,0,2
94,-292528.4177,-1031942.996,"ID94_F81_m-1f-1_P94_Y-1_U173","-9999","-9999","FXX",11,0,1,0,1,0,0,0,-9999,0.5,1,"P93_CV0",1,1,1,1,1,0,2,0,2
94,-292528.4177,-1031942.996,"I94_F98_m-1f-1_P94_Y-1_U223","-9999","-9999","FXX",16,0,1,0,1,0,0,0,-9999,0.5,1,"P93_CV0",1,1,1,1,1,0,2,0,2
95,-26614.75891,-1231260.954,"S95_F59_m56f56_P59_Y1_UO2442","I56_F59_m-1f-1_P56_Y-1_U216","I56_F59_m-1f-1_P56_Y-1_U50","FXX",1,0,0,0,0,0,0,0,-9999,0,1,"P55_CV0",1,0,2,1,1,0,2,0,2
95,-26614.75891,-1231260.954,"S95_F64_m95f95_P64_Y1_UO4288","I95_F64_m-1f-1_P95_Y-1_U3","I95_F64_m-1f-1_P95_Y-1_U128","MXY",1,0,0,0,0,0,0,0,-9999,0.5,1,"P94_CV0",1,1,1,0,2,0,2,0,2
95,-26614.75891,-1231260.954,"I95_F64_m79f79_P64_Y0_UO3782","R79_F79_m-1f-1_P79_Y-1_U54","R79_F79_m-1f-1_P79_Y-1_U90","FXX",2,0,1,0,1,0,0,0,-9999,0.25,1,"P78_CV0",1,1,1,2,0,0,2,0,2
95,-26614.75891,-1231260.954,"I95_F64_m-1f-1_P95_Y-1_U185","-9999","-9999","FXX",3,0,1,0,1,0,0,0,-9999,0.5,1,"P94_CV0",1,1,1,2,0,0,2,0,2
95,-26614.75891,-1231260.954,"I95_F64_m-1f-1_P95_Y-1_U229","-9999","-9999","MXY",4,0,1,0,0,0,0,0,-9999,0.5,1,"P94_CV0",1,1,1,0,2,0,2,0,2
95,-26614.75891,-1231260.954,"I95_F64_m-1f-1_P95_Y-1_U21","-9999","-9999","FXX",6,0,1,0,1,0,0,0,-9999,0,1,"P94_CV0",1,0,2,2,0,0,2,0,2
95,-26614.75891,-1231260.954,"I95_F64_m-1f-1_P95_Y-1_U102","-9999","-9999","MXY",9,0,1,0,0,0,0,0,-9999,0.5,1,"P94_CV0",1,1,1,1,1,0,2,0,2
95,-26614.75891,-1231260.954,"I95_F64_m-1f-1_P95_Y-1_U127","-9999","-9999","MXY",16,0,1,0,0,0,0,0,-9999,0,1,"P94_CV0",1,0,2,2,0,0,2,0,2
100,-74636.22471,-405997.1437,"S100_F8_m25f25_P8_Y1_UO1183","I25_F68_m-1f-1_P25_Y-1_U53","I25_F36_m-1f-1_P25_Y-1_U102","FXX",1,0,0,0,0,0,0,0,-9999,0,1,"P24_CV0",1,0,2,0,2,0,2,0,2
100,-74636.22471,-405997.1437,"S100_F48_m100f100_P48_Y1_UO4420","I100_F48_m-1f-1_P100_Y-1_U220","ID100_F68_m-1f-1_P31_Y-1_U244","FXX",1,0,0,0,0,0,0,0,-9999,1,1,"P99_CV0",1,2,0,2,0,0,2,0,2
100,-74636.22471,-405997.1437,"S100_F49_m100f100_P49_Y1_UO4398","I100_F49_m-1f-1_P100_Y-1_U93","ID100_F68_m-1f-1_P31_Y-1_U244","MXY",1,0,0,0,0,0,0,0,-9999,1,1,"P99_CV0",1,2,0,2,0,0,2,0,2
100,-74636.22471,-405997.1437,"I100_F49_m43f43_P49_Y0_UO2092","R43_F43_m-1f-1_P43_Y-1_U2","R43_F43_m-1f-1_P43_Y-1_U15","MXY",2,0,1,0,0,0,0,0,-9999,0.5,1,"P42_CV0",1,0,2,2,0,0,2,0,2
100,-74636.22471,-405997.1437,"I100_F48_m-1f-1_P100_Y-1_U13","-9999","-9999","FXX",3,0,1,0,1,0,0,0,-9999,0,1,"P99_CV0",1,0,2,1,1,0,2,0,2
100,-74636.22471,-405997.1437,"I100_F48_m-1f-1_P43_Y-1_U177","-9999","-9999","MXY",5,0,1,0,0,0,0,0,-9999,1,1,"P42_CV0",1,2,0,0,2,0,2,0,2
100,-74636.22471,-405997.1437,"I100_F48_m-1f-1_P100_Y-1_U10","-9999","-9999","FXX",8,0,1,0,1,0,0,0,-9999,1,1,"P99_CV0",1,2,0,0,2,0,2,0,2
100,-74636.22471,-405997.1437,"I100_F49_m-1f-1_P100_Y-1_U116","-9999","-9999","MXY",16,0,1,0,0,0,0,0,-9999,0.5,1,"P99_CV0",1,1,1,1,1,0,2,0,2
